branch,scenario,anchor,action,regime,J_hat,J_obs
s01-a02-NO_OP-r01,s01,a02,NO_OP,pre-fault,0.6067644437046666,0.03022145551496297
s01-a02-NO_OP-r02,s01,a02,NO_OP,pre-fault,0.6045332900649333,0.02978006037200003
s01-a02-NO_OP-r03,s01,a02,NO_OP,pre-fault,0.6061033024597333,0.05036065332985186
s01-a02-NO_OP-r04,s01,a02,NO_OP,pre-fault,0.6038700859221333,0.029768301498074103
s01-a02-NO_OP-r05,s01,a02,NO_OP,pre-fault,0.6046329388625333,0.030183324348222237
s01-a02-REROUTE-r01,s01,a02,REROUTE,pre-fault,0.06173585137555555,0.0302069843216296
s01-a02-REROUTE-r02,s01,a02,REROUTE,pre-fault,0.06251852381433333,0.02977080267281484
s01-a02-REROUTE-r03,s01,a02,REROUTE,pre-fault,0.06176864660944444,0.029899851039481475
s01-a02-REROUTE-r04,s01,a02,REROUTE,pre-fault,0.06240436585533333,0.029749404124000012
s01-a02-REROUTE-r05,s01,a02,REROUTE,pre-fault,0.06242309641133333,0.05981283624229629
s01-a02-THROTTLE-r01,s01,a02,THROTTLE,pre-fault,0.6060859901478667,0.7044107466465455
s01-a02-THROTTLE-r02,s01,a02,THROTTLE,pre-fault,0.6046153886694666,0.7044058995729696
s01-a02-THROTTLE-r03,s01,a02,THROTTLE,pre-fault,0.6060832177359999,0.6981139310647273
s01-a02-THROTTLE-r04,s01,a02,THROTTLE,pre-fault,0.6098302312510666,0.7073814013772122
s01-a02-THROTTLE-r05,s01,a02,THROTTLE,pre-fault,0.6067942992848,0.7045270449876364
s01-a06-NO_OP-r01,s01,a06,NO_OP,pre-fault,0.2865818170612571,0.03064728836687179
s01-a06-NO_OP-r02,s01,a06,NO_OP,pre-fault,0.28971036020323815,0.03717357370902564
s01-a06-NO_OP-r03,s01,a06,NO_OP,pre-fault,0.2918757504343048,0.030240568485333342
s01-a06-NO_OP-r04,s01,a06,NO_OP,pre-fault,0.3179862792447619,0.0532360534771282
s01-a06-NO_OP-r05,s01,a06,NO_OP,pre-fault,0.2876367616058667,0.030216198686615306
s01-a06-REROUTE-r01,s01,a06,REROUTE,pre-fault,0.034009178694711775,0.029961854638461533
s01-a06-REROUTE-r02,s01,a06,REROUTE,pre-fault,0.05659294177019046,0.03793542131051279
s01-a06-REROUTE-r03,s01,a06,REROUTE,pre-fault,0.0580024813504737,0.038421654597641026
s01-a06-REROUTE-r04,s01,a06,REROUTE,pre-fault,0.054519966526160424,0.04893148201892307
s01-a06-REROUTE-r05,s01,a06,REROUTE,pre-fault,0.03416535118079199,0.030106040929538447
s01-a06-THROTTLE-r01,s01,a06,THROTTLE,pre-fault,0.3772976697025524,0.5224650438808746
s01-a06-THROTTLE-r02,s01,a06,THROTTLE,pre-fault,0.36696626961455237,0.5177065342866181
s01-a06-THROTTLE-r03,s01,a06,THROTTLE,pre-fault,0.34342268874854276,0.5093781754728184
s01-a06-THROTTLE-r04,s01,a06,THROTTLE,pre-fault,0.3439754172763047,0.5073191051367503
s01-a06-THROTTLE-r05,s01,a06,THROTTLE,pre-fault,0.34382034935524763,0.4822903864290203
s01-a10-NO_OP-r01,s01,a10,NO_OP,spanning,0.23669565427378605,0.20027379099209774
s01-a10-NO_OP-r02,s01,a10,NO_OP,spanning,0.2527011542637449,0.20488033741117379
s01-a10-NO_OP-r03,s01,a10,NO_OP,spanning,0.23303130814662554,0.19981376275128923
s01-a10-NO_OP-r04,s01,a10,NO_OP,spanning,0.23143827665893005,0.19559336022688426
s01-a10-NO_OP-r05,s01,a10,NO_OP,spanning,0.23111420270855967,0.19642103149130005
s01-a10-REROUTE-r01,s01,a10,REROUTE,spanning,0.03153052840344246,0.040826882705098044
s01-a10-REROUTE-r02,s01,a10,REROUTE,spanning,0.03141611640258209,0.029916264767254914
s01-a10-REROUTE-r03,s01,a10,REROUTE,spanning,0.05281099238168341,0.04093902739243136
s01-a10-REROUTE-r04,s01,a10,REROUTE,spanning,0.03133909255858455,0.03724751049321569
s01-a10-REROUTE-r05,s01,a10,REROUTE,spanning,0.031550618987742855,0.029933834725647077
s01-a10-THROTTLE-r01,s01,a10,THROTTLE,spanning,0.28396616684613935,0.4085668320327556
s01-a10-THROTTLE-r02,s01,a10,THROTTLE,spanning,0.31235244013689595,0.41995616437941924
s01-a10-THROTTLE-r03,s01,a10,THROTTLE,spanning,0.2847835177677825,0.404805816889798
s01-a10-THROTTLE-r04,s01,a10,THROTTLE,spanning,0.3005194920112246,0.4124728263677952
s01-a10-THROTTLE-r05,s01,a10,THROTTLE,spanning,0.28512474878426164,0.3981316878551265
s01-a14-NO_OP-r01,s01,a14,NO_OP,spanning,0.17961570873763705,0.31061324804327456
s01-a14-NO_OP-r02,s01,a14,NO_OP,spanning,0.18081107712039984,0.3122649369380893
s01-a14-NO_OP-r03,s01,a14,NO_OP,spanning,0.17886084260918766,0.31078908048566134
s01-a14-NO_OP-r04,s01,a14,NO_OP,spanning,0.20144146812596953,0.32320050728686656
s01-a14-NO_OP-r05,s01,a14,NO_OP,spanning,0.2148950506925953,0.32843239890937687
s01-a14-REROUTE-r01,s01,a14,REROUTE,spanning,0.047241440854376884,0.05976820491460317
s01-a14-REROUTE-r02,s01,a14,REROUTE,spanning,0.031096274287947166,0.05023153041104765
s01-a14-REROUTE-r03,s01,a14,REROUTE,spanning,0.031038993547285877,0.05550831783095242
s01-a14-REROUTE-r04,s01,a14,REROUTE,spanning,0.043781241092069184,0.05638143349063493
s01-a14-REROUTE-r05,s01,a14,REROUTE,spanning,0.044301043172695356,0.06374716655349207
s01-a14-THROTTLE-r01,s01,a14,THROTTLE,spanning,0.24247981298289478,0.37206351259375664
s01-a14-THROTTLE-r02,s01,a14,THROTTLE,spanning,0.2579394498753402,0.38317870303231044
s01-a14-THROTTLE-r03,s01,a14,THROTTLE,spanning,0.2544240041769557,0.38049630604129914
s01-a14-THROTTLE-r04,s01,a14,THROTTLE,spanning,0.24360970944393773,0.37374532558281004
s01-a14-THROTTLE-r05,s01,a14,THROTTLE,spanning,0.24237830513877223,0.3738363493969018
s01-a18-NO_OP-r01,s01,a18,NO_OP,post-onset,0.3547502514169937,0.40638870928217224
s01-a18-NO_OP-r02,s01,a18,NO_OP,post-onset,0.3575640739257931,0.40517469773996245
s01-a18-NO_OP-r03,s01,a18,NO_OP,post-onset,0.35430036426605466,0.40399814267842693
s01-a18-NO_OP-r04,s01,a18,NO_OP,post-onset,0.3539969939889528,0.4022734256373783
s01-a18-NO_OP-r05,s01,a18,NO_OP,post-onset,0.37032014302213534,0.41665042984764045
s01-a18-REROUTE-r01,s01,a18,REROUTE,post-onset,0.13430970453964713,0.16816286880505377
s01-a18-REROUTE-r02,s01,a18,REROUTE,post-onset,0.13920298161349512,0.17160089647322585
s01-a18-REROUTE-r03,s01,a18,REROUTE,post-onset,0.14457055218318382,0.17548836520451608
s01-a18-REROUTE-r04,s01,a18,REROUTE,post-onset,0.1334376618542669,0.1676670185242473
s01-a18-REROUTE-r05,s01,a18,REROUTE,post-onset,0.1340789212962609,0.16825127624440858
s01-a18-THROTTLE-r01,s01,a18,THROTTLE,post-onset,0.40524910813717285,0.45414128285970035
s01-a18-THROTTLE-r02,s01,a18,THROTTLE,post-onset,0.4187086092255951,0.4642689707983896
s01-a18-THROTTLE-r03,s01,a18,THROTTLE,post-onset,0.4059298175034991,0.45470021342404493
s01-a18-THROTTLE-r04,s01,a18,THROTTLE,post-onset,0.4214592039813918,0.46996128610254684
s01-a18-THROTTLE-r05,s01,a18,THROTTLE,post-onset,0.41773890672898184,0.4637071252312735
s01-a22-NO_OP-r01,s01,a22,NO_OP,post-onset,0.43082419092201496,0.4788502355522041
s01-a22-NO_OP-r02,s01,a22,NO_OP,post-onset,0.43074276655148824,0.4779523528046095
s01-a22-NO_OP-r03,s01,a22,NO_OP,post-onset,0.43059929776326866,0.47702379067735867
s01-a22-NO_OP-r04,s01,a22,NO_OP,post-onset,0.4431399321726194,0.48893034348313424
s01-a22-NO_OP-r05,s01,a22,NO_OP,post-onset,0.44366745993049506,0.4920997508834091
s01-a22-REROUTE-r01,s01,a22,REROUTE,post-onset,0.2587690151990284,0.28595130767026117
s01-a22-REROUTE-r02,s01,a22,REROUTE,post-onset,0.24321895642118874,0.2784252466114315
s01-a22-REROUTE-r03,s01,a22,REROUTE,post-onset,0.23890696231774483,0.26929933608741113
s01-a22-REROUTE-r04,s01,a22,REROUTE,post-onset,0.24296793964210575,0.2723947038611633
s01-a22-REROUTE-r05,s01,a22,REROUTE,post-onset,0.24464716197784492,0.28272628357709595
s01-a22-THROTTLE-r01,s01,a22,THROTTLE,post-onset,0.48708283109081413,0.5276742978183376
s01-a22-THROTTLE-r02,s01,a22,THROTTLE,post-onset,0.4926923279307921,0.5330952608905749
s01-a22-THROTTLE-r03,s01,a22,THROTTLE,post-onset,0.4864509084622948,0.5284643723668764
s01-a22-THROTTLE-r04,s01,a22,THROTTLE,post-onset,0.48080472210208813,0.5253153877016435
s01-a22-THROTTLE-r05,s01,a22,THROTTLE,post-onset,0.4868571581599091,0.5290996279567899
s01-a26-NO_OP-r01,s01,a26,NO_OP,post-onset,0.5023210997761314,0.5606289676510103
s01-a26-NO_OP-r02,s01,a26,NO_OP,post-onset,0.5033685519874069,0.5553989736930189
s01-a26-NO_OP-r03,s01,a26,NO_OP,post-onset,0.4940806274992928,0.5493793155911574
s01-a26-NO_OP-r04,s01,a26,NO_OP,post-onset,0.4898601350836771,0.545014147580814
s01-a26-NO_OP-r05,s01,a26,NO_OP,post-onset,0.496785452561875,0.5505111845270391
s01-a26-REROUTE-r01,s01,a26,REROUTE,post-onset,0.3300369969851376,0.36371803881054543
s01-a26-REROUTE-r02,s01,a26,REROUTE,post-onset,0.3280113907568781,0.3561298767011537
s01-a26-REROUTE-r03,s01,a26,REROUTE,post-onset,0.3312066081823103,0.36516389489146317
s01-a26-REROUTE-r04,s01,a26,REROUTE,post-onset,0.33091216516028793,0.36251041536687234
s01-a26-REROUTE-r05,s01,a26,REROUTE,post-onset,0.3253378898692683,0.3543055087469632
s01-a26-THROTTLE-r01,s01,a26,THROTTLE,post-onset,0.5381189709367901,0.5882692446007562
s01-a26-THROTTLE-r02,s01,a26,THROTTLE,post-onset,0.5436393298691893,0.5951286575836625
s01-a26-THROTTLE-r03,s01,a26,THROTTLE,post-onset,0.5395345907509187,0.590775709846404
s01-a26-THROTTLE-r04,s01,a26,THROTTLE,post-onset,0.5388112914205463,0.587837129566378
s01-a26-THROTTLE-r05,s01,a26,THROTTLE,post-onset,0.5449656018037122,0.5936123016536912
s01-a30-NO_OP-r01,s01,a30,NO_OP,post-onset,0.5491233013499126,0.6095950200883945
s01-a30-NO_OP-r02,s01,a30,NO_OP,post-onset,0.5567809808441728,0.6197733119754405
s01-a30-NO_OP-r03,s01,a30,NO_OP,post-onset,0.5443093520811324,0.6090913285132249
s01-a30-NO_OP-r04,s01,a30,NO_OP,post-onset,0.5507053172962224,0.6127109035505387
s01-a30-NO_OP-r05,s01,a30,NO_OP,post-onset,0.5558208409069381,0.6167740196850676
s01-a30-REROUTE-r01,s01,a30,REROUTE,post-onset,0.4063559027062284,0.434550225054527
s01-a30-REROUTE-r02,s01,a30,REROUTE,post-onset,0.4057881667867931,0.4321895870423873
s01-a30-REROUTE-r03,s01,a30,REROUTE,post-onset,0.40697708706662533,0.45065322912024774
s01-a30-REROUTE-r04,s01,a30,REROUTE,post-onset,0.40140083571226604,0.42772572164346856
s01-a30-REROUTE-r05,s01,a30,REROUTE,post-onset,0.4015932321387832,0.42929577316263534
s01-a30-THROTTLE-r01,s01,a30,THROTTLE,post-onset,0.5858212698873242,0.6446019959711624
s01-a30-THROTTLE-r02,s01,a30,THROTTLE,post-onset,0.58635330196009,0.6448992023192155
s01-a30-THROTTLE-r03,s01,a30,THROTTLE,post-onset,0.5866329082039501,0.6435768570783735
s01-a30-THROTTLE-r04,s01,a30,THROTTLE,post-onset,0.5889308086125408,0.6451931900283281
s01-a30-THROTTLE-r05,s01,a30,THROTTLE,post-onset,0.5847066857992657,0.6441182205518998
s02-a02-NO_OP-r01,s02,a02,NO_OP,pre-fault,0.6067683347672,0.03011513435444444
s02-a02-NO_OP-r02,s02,a02,NO_OP,pre-fault,0.6046044217630666,0.030137290649703708
s02-a02-NO_OP-r03,s02,a02,NO_OP,pre-fault,0.6060842196425333,0.03017371992896292
s02-a02-NO_OP-r04,s02,a02,NO_OP,pre-fault,0.6054678751788001,0.02984778227762961
s02-a02-NO_OP-r05,s02,a02,NO_OP,pre-fault,0.6016143126442667,0.057859885758814844
s02-a02-REROUTE-r01,s02,a02,REROUTE,pre-fault,0.062406209814999995,0.03006659745481481
s02-a02-REROUTE-r02,s02,a02,REROUTE,pre-fault,0.06243719073322222,0.029993487229555544
s02-a02-REROUTE-r03,s02,a02,REROUTE,pre-fault,0.06171878625955555,0.029845761424740727
s02-a02-REROUTE-r04,s02,a02,REROUTE,pre-fault,0.060256843243222225,0.049649559485999986
s02-a02-REROUTE-r05,s02,a02,REROUTE,pre-fault,0.06173736278066667,0.04772065526177782
s02-a02-THROTTLE-r01,s02,a02,THROTTLE,pre-fault,0.605300435304,0.7020435867321211
s02-a02-THROTTLE-r02,s02,a02,THROTTLE,pre-fault,0.6060490572990667,0.7039582451168485
s02-a02-THROTTLE-r03,s02,a02,THROTTLE,pre-fault,0.6045345013370667,0.7002097770207272
s02-a02-THROTTLE-r04,s02,a02,THROTTLE,pre-fault,0.6038691030359999,0.7041410257016969
s02-a02-THROTTLE-r05,s02,a02,THROTTLE,pre-fault,0.6060854711722666,0.714146133067
s02-a06-NO_OP-r01,s02,a06,NO_OP,pre-fault,0.28712436827,0.030288626676256404
s02-a06-NO_OP-r02,s02,a06,NO_OP,pre-fault,0.3218047127264191,0.05712215550558977
s02-a06-NO_OP-r03,s02,a06,NO_OP,pre-fault,0.28236870634773337,0.02985762541317947
s02-a06-NO_OP-r04,s02,a06,NO_OP,pre-fault,0.2849732275396,0.02993365907887176
s02-a06-NO_OP-r05,s02,a06,NO_OP,pre-fault,0.2860688904559048,0.029773831087589728
s02-a06-REROUTE-r01,s02,a06,REROUTE,pre-fault,0.03403628359401252,0.03020700760261539
s02-a06-REROUTE-r02,s02,a06,REROUTE,pre-fault,0.034066468785959904,0.030171473948769224
s02-a06-REROUTE-r03,s02,a06,REROUTE,pre-fault,0.0344727871135965,0.030202526245230777
s02-a06-REROUTE-r04,s02,a06,REROUTE,pre-fault,0.03491445847265415,0.03031560473343591
s02-a06-REROUTE-r05,s02,a06,REROUTE,pre-fault,0.03416969220538847,0.035508095880871796
s02-a06-THROTTLE-r01,s02,a06,THROTTLE,pre-fault,0.34435397193740946,0.5189318805538246
s02-a06-THROTTLE-r02,s02,a06,THROTTLE,pre-fault,0.3425024420318761,0.50736338490461
s02-a06-THROTTLE-r03,s02,a06,THROTTLE,pre-fault,0.34279173623459047,0.5074302421425048
s02-a06-THROTTLE-r04,s02,a06,THROTTLE,pre-fault,0.34301428999517136,0.507290989670645
s02-a06-THROTTLE-r05,s02,a06,THROTTLE,pre-fault,0.3778794453336952,0.5230021950518866
s02-a10-NO_OP-r01,s02,a10,NO_OP,spanning,0.21404498946333333,0.048959935225379156
s02-a10-NO_OP-r02,s02,a10,NO_OP,spanning,0.25395831764135807,0.08001081486924166
s02-a10-NO_OP-r03,s02,a10,NO_OP,spanning,0.21330056928333332,0.048907181561162326
s02-a10-NO_OP-r04,s02,a10,NO_OP,spanning,0.21434209846432095,0.05029958299176944
s02-a10-NO_OP-r05,s02,a10,NO_OP,spanning,0.23246318356337448,0.05641754770848096
s02-a10-REROUTE-r01,s02,a10,REROUTE,spanning,0.05608774892034979,0.0423885720965098
s02-a10-REROUTE-r02,s02,a10,REROUTE,spanning,0.031806197777319856,0.03016433929635296
s02-a10-REROUTE-r03,s02,a10,REROUTE,spanning,0.05806622962165279,0.04308407147396077
s02-a10-REROUTE-r04,s02,a10,REROUTE,spanning,0.031225534104472208,0.03684853305921567
s02-a10-REROUTE-r05,s02,a10,REROUTE,spanning,0.03153414163147671,0.0371981991507451
s02-a10-THROTTLE-r01,s02,a10,THROTTLE,spanning,0.28533187460837744,0.3939188384137574
s02-a10-THROTTLE-r02,s02,a10,THROTTLE,spanning,0.31011335833150205,0.41514980043980826
s02-a10-THROTTLE-r03,s02,a10,THROTTLE,spanning,0.28413357290122754,0.39324212042101664
s02-a10-THROTTLE-r04,s02,a10,THROTTLE,spanning,0.2857577280566314,0.39594956224481914
s02-a10-THROTTLE-r05,s02,a10,THROTTLE,spanning,0.2852174178759348,0.39357796432323894
s02-a14-NO_OP-r01,s02,a14,NO_OP,spanning,0.17651233708066916,0.18108945760727818
s02-a14-NO_OP-r02,s02,a14,NO_OP,spanning,0.2007200849787083,0.18548832024304762
s02-a14-NO_OP-r03,s02,a14,NO_OP,spanning,0.1822359607101467,0.17513825552649626
s02-a14-NO_OP-r04,s02,a14,NO_OP,spanning,0.1772402956501861,0.17495247566523303
s02-a14-NO_OP-r05,s02,a14,NO_OP,spanning,0.18647546004026322,0.18055748954387968
s02-a14-REROUTE-r01,s02,a14,REROUTE,spanning,0.03065685285548958,0.03506922315323807
s02-a14-REROUTE-r02,s02,a14,REROUTE,spanning,0.0314086634471766,0.030482047799936504
s02-a14-REROUTE-r03,s02,a14,REROUTE,spanning,0.031378798390113406,0.03466813575253967
s02-a14-REROUTE-r04,s02,a14,REROUTE,spanning,0.03084027677142561,0.02995602107599997
s02-a14-REROUTE-r05,s02,a14,REROUTE,spanning,0.05042391014191833,0.046523698154984146
s02-a14-THROTTLE-r01,s02,a14,THROTTLE,spanning,0.2523821850063082,0.33005738044871213
s02-a14-THROTTLE-r02,s02,a14,THROTTLE,spanning,0.25192213388621887,0.3362461224070096
s02-a14-THROTTLE-r03,s02,a14,THROTTLE,spanning,0.2423487829626117,0.32554377035146664
s02-a14-THROTTLE-r04,s02,a14,THROTTLE,spanning,0.24220721664265155,0.3235416036922667
s02-a14-THROTTLE-r05,s02,a14,THROTTLE,spanning,0.24193710998352802,0.32370092796579053
s02-a18-NO_OP-r01,s02,a18,NO_OP,post-onset,0.2269267402253859,0.28379909219741434
s02-a18-NO_OP-r02,s02,a18,NO_OP,post-onset,0.21538816599572896,0.27338152883342676
s02-a18-NO_OP-r03,s02,a18,NO_OP,post-onset,0.22640016567722268,0.2845119288698131
s02-a18-NO_OP-r04,s02,a18,NO_OP,post-onset,0.21096991372158422,0.2726580132585047
s02-a18-NO_OP-r05,s02,a18,NO_OP,post-onset,0.21872094177034004,0.2791306776350156
s02-a18-REROUTE-r01,s02,a18,REROUTE,post-onset,0.037995371683748586,0.06633501811210664
s02-a18-REROUTE-r02,s02,a18,REROUTE,post-onset,0.03685549888323457,0.06697950279621331
s02-a18-REROUTE-r03,s02,a18,REROUTE,post-onset,0.03664001703470838,0.06106926437088005
s02-a18-REROUTE-r04,s02,a18,REROUTE,post-onset,0.0473107747017336,0.07370052473543998
s02-a18-REROUTE-r05,s02,a18,REROUTE,post-onset,0.03611675671599951,0.0662915707709067
s02-a18-THROTTLE-r01,s02,a18,THROTTLE,post-onset,0.2473688536965653,0.33985022309342683
s02-a18-THROTTLE-r02,s02,a18,THROTTLE,post-onset,0.2249028763816488,0.3243891691271963
s02-a18-THROTTLE-r03,s02,a18,THROTTLE,post-onset,0.22810389443758305,0.3252030236854829
s02-a18-THROTTLE-r04,s02,a18,THROTTLE,post-onset,0.22762550256958491,0.3248723150720873
s02-a18-THROTTLE-r05,s02,a18,THROTTLE,post-onset,0.25048530765293586,0.3417575840995951
s02-a22-NO_OP-r01,s02,a22,NO_OP,post-onset,0.31589817324023356,0.34979255753879746
s02-a22-NO_OP-r02,s02,a22,NO_OP,post-onset,0.3166752690639184,0.34970332988974984
s02-a22-NO_OP-r03,s02,a22,NO_OP,post-onset,0.32109293801000066,0.35564427903033313
s02-a22-NO_OP-r04,s02,a22,NO_OP,post-onset,0.3247578487944147,0.35921220892586897
s02-a22-NO_OP-r05,s02,a22,NO_OP,post-onset,0.32105442654131294,0.355571171478301
s02-a22-REROUTE-r01,s02,a22,REROUTE,post-onset,0.13684827797897164,0.15319441391103447
s02-a22-REROUTE-r02,s02,a22,REROUTE,post-onset,0.13756373254172347,0.15288171180793103
s02-a22-REROUTE-r03,s02,a22,REROUTE,post-onset,0.14471718514439907,0.15917343485742536
s02-a22-REROUTE-r04,s02,a22,REROUTE,post-onset,0.14179451826956704,0.16020415505609195
s02-a22-REROUTE-r05,s02,a22,REROUTE,post-onset,0.14728869385220333,0.16138315635827585
s02-a22-THROTTLE-r01,s02,a22,THROTTLE,post-onset,0.345520177450561,0.4010886955935497
s02-a22-THROTTLE-r02,s02,a22,THROTTLE,post-onset,0.33768740276720227,0.39485106222180044
s02-a22-THROTTLE-r03,s02,a22,THROTTLE,post-onset,0.34273866884074355,0.4005129341699778
s02-a22-THROTTLE-r04,s02,a22,THROTTLE,post-onset,0.34269203238712254,0.39804098447236547
s02-a22-THROTTLE-r05,s02,a22,THROTTLE,post-onset,0.3367125834724124,0.3946710084697556
s02-a26-NO_OP-r01,s02,a26,NO_OP,post-onset,0.3817724188472916,0.4181145003443188
s02-a26-NO_OP-r02,s02,a26,NO_OP,post-onset,0.38132774972259487,0.4147238920641916
s02-a26-NO_OP-r03,s02,a26,NO_OP,post-onset,0.3930398334051988,0.4249960222889659
s02-a26-NO_OP-r04,s02,a26,NO_OP,post-onset,0.3901921973924483,0.42531447518309734
s02-a26-NO_OP-r05,s02,a26,NO_OP,post-onset,0.3856227131932271,0.418998753711603
s02-a26-REROUTE-r01,s02,a26,REROUTE,post-onset,0.22522487194643365,0.238879649564909
s02-a26-REROUTE-r02,s02,a26,REROUTE,post-onset,0.2302551183214933,0.24185512922618196
s02-a26-REROUTE-r03,s02,a26,REROUTE,post-onset,0.22428466250452167,0.24150630793662636
s02-a26-REROUTE-r04,s02,a26,REROUTE,post-onset,0.22860069409559136,0.2434136810290909
s02-a26-REROUTE-r05,s02,a26,REROUTE,post-onset,0.22476186398754067,0.23665572824901004
s02-a26-THROTTLE-r01,s02,a26,THROTTLE,post-onset,0.4305313017032013,0.45932806222409434
s02-a26-THROTTLE-r02,s02,a26,THROTTLE,post-onset,0.4239288252971541,0.45455544710266016
s02-a26-THROTTLE-r03,s02,a26,THROTTLE,post-onset,0.4328596429987777,0.46494357427990973
s02-a26-THROTTLE-r04,s02,a26,THROTTLE,post-onset,0.4239537861183195,0.4542461990221513
s02-a26-THROTTLE-r05,s02,a26,THROTTLE,post-onset,0.43338717693233825,0.46400795196784866
s02-a30-NO_OP-r01,s02,a30,NO_OP,post-onset,0.441752097301488,0.4797498656365098
s02-a30-NO_OP-r02,s02,a30,NO_OP,post-onset,0.4410053922297058,0.48024620736886725
s02-a30-NO_OP-r03,s02,a30,NO_OP,post-onset,0.4354323009827489,0.47754311366259994
s02-a30-NO_OP-r04,s02,a30,NO_OP,post-onset,0.4331606598360066,0.4731608749177981
s02-a30-NO_OP-r05,s02,a30,NO_OP,post-onset,0.4343697917098698,0.47334848234008253
s02-a30-REROUTE-r01,s02,a30,REROUTE,post-onset,0.291735083401622,0.3072453659238689
s02-a30-REROUTE-r02,s02,a30,REROUTE,post-onset,0.310033532370962,0.33840322097544434
s02-a30-REROUTE-r03,s02,a30,REROUTE,post-onset,0.30544452595176885,0.3188426800160158
s02-a30-REROUTE-r04,s02,a30,REROUTE,post-onset,0.3012438143860774,0.31591121675845174
s02-a30-REROUTE-r05,s02,a30,REROUTE,post-onset,0.3025475311446042,0.323127098372864
s02-a30-THROTTLE-r01,s02,a30,THROTTLE,post-onset,0.473572218332084,0.5080057153953341
s02-a30-THROTTLE-r02,s02,a30,THROTTLE,post-onset,0.47348138013615504,0.5103897802420009
s02-a30-THROTTLE-r03,s02,a30,THROTTLE,post-onset,0.48150436576028166,0.5159190209791555
s02-a30-THROTTLE-r04,s02,a30,THROTTLE,post-onset,0.47596319499906836,0.5126177538097594
s02-a30-THROTTLE-r05,s02,a30,THROTTLE,post-onset,0.4756837699664214,0.5121868904705558
s03-a02-NO_OP-r01,s03,a02,NO_OP,pre-fault,0.6039193900283999,0.029566316799185186
s03-a02-NO_OP-r02,s03,a02,NO_OP,pre-fault,0.6022887985865333,0.029960017335037045
s03-a02-NO_OP-r03,s03,a02,NO_OP,pre-fault,0.6045342326062667,0.02982378521459264
s03-a02-NO_OP-r04,s03,a02,NO_OP,pre-fault,0.6053665983074668,0.030198025635777778
s03-a02-NO_OP-r05,s03,a02,NO_OP,pre-fault,0.6067658737450667,0.030172491881111096
s03-a02-REROUTE-r01,s03,a02,REROUTE,pre-fault,0.05719142111811111,0.029857209176370372
s03-a02-REROUTE-r02,s03,a02,REROUTE,pre-fault,0.060174257170777776,0.02952470023162962
s03-a02-REROUTE-r03,s03,a02,REROUTE,pre-fault,0.060939330444333334,0.04221387611585185
s03-a02-REROUTE-r04,s03,a02,REROUTE,pre-fault,0.06248974971144445,0.030141746288148166
s03-a02-REROUTE-r05,s03,a02,REROUTE,pre-fault,0.06097271612122222,0.029837502011481457
s03-a02-THROTTLE-r01,s03,a02,THROTTLE,pre-fault,0.6061148731956,0.6963433271943031
s03-a02-THROTTLE-r02,s03,a02,THROTTLE,pre-fault,0.6045190426510667,0.7041422860001212
s03-a02-THROTTLE-r03,s03,a02,THROTTLE,pre-fault,0.6067639236068,0.7041758655180606
s03-a02-THROTTLE-r04,s03,a02,THROTTLE,pre-fault,0.6052676217910667,0.709691378077091
s03-a02-THROTTLE-r05,s03,a02,THROTTLE,pre-fault,0.6038671433937333,0.7096843070695757
s03-a06-NO_OP-r01,s03,a06,NO_OP,spanning,0.3201964171318096,0.1082803386531746
s03-a06-NO_OP-r02,s03,a06,NO_OP,spanning,0.28971812603459046,0.09405690454787141
s03-a06-NO_OP-r03,s03,a06,NO_OP,spanning,0.3257081757856762,0.09339660126580385
s03-a06-NO_OP-r04,s03,a06,NO_OP,spanning,0.2834123516711429,0.08394099552610507
s03-a06-NO_OP-r05,s03,a06,NO_OP,spanning,0.2834021835510667,0.0849054269936182
s03-a06-REROUTE-r01,s03,a06,REROUTE,spanning,0.03373325947043358,0.030578762377641035
s03-a06-REROUTE-r02,s03,a06,REROUTE,spanning,0.054219149575090234,0.04610129529779489
s03-a06-REROUTE-r03,s03,a06,REROUTE,spanning,0.03500562382945112,0.03024783283548719
s03-a06-REROUTE-r04,s03,a06,REROUTE,spanning,0.0616272155062807,0.04043049683533334
s03-a06-REROUTE-r05,s03,a06,REROUTE,spanning,0.033768540551751894,0.030123292197230762
s03-a06-THROTTLE-r01,s03,a06,THROTTLE,spanning,0.36352366142786663,0.5187744362893064
s03-a06-THROTTLE-r02,s03,a06,THROTTLE,spanning,0.3755457102586476,0.5237374452182186
s03-a06-THROTTLE-r03,s03,a06,THROTTLE,spanning,0.34326797860048563,0.5077551369915574
s03-a06-THROTTLE-r04,s03,a06,THROTTLE,spanning,0.3585283951294952,0.5148936663129771
s03-a06-THROTTLE-r05,s03,a06,THROTTLE,spanning,0.3424843975494094,0.5072412238657328
s03-a10-NO_OP-r01,s03,a10,NO_OP,spanning,0.2170782806292592,0.17310434292994428
s03-a10-NO_OP-r02,s03,a10,NO_OP,spanning,0.23765034451600825,0.18350705165057613
s03-a10-NO_OP-r03,s03,a10,NO_OP,spanning,0.233961741493498,0.17896655471352693
s03-a10-NO_OP-r04,s03,a10,NO_OP,spanning,0.21557407933399178,0.19175774937893963
s03-a10-NO_OP-r05,s03,a10,NO_OP,spanning,0.2145354365771605,0.17308328883986202
s03-a10-REROUTE-r01,s03,a10,REROUTE,spanning,0.04605311837000002,0.041032843256627455
s03-a10-REROUTE-r02,s03,a10,REROUTE,spanning,0.053220882367103574,0.04472094516552943
s03-a10-REROUTE-r03,s03,a10,REROUTE,spanning,0.03176529877323427,0.04157563609745097
s03-a10-REROUTE-r04,s03,a10,REROUTE,spanning,0.03148346453675851,0.03385985552988235
s03-a10-REROUTE-r05,s03,a10,REROUTE,spanning,0.049086965697627064,0.05025231985258827
s03-a10-THROTTLE-r01,s03,a10,THROTTLE,spanning,0.2860401830114004,0.4079654781550443
s03-a10-THROTTLE-r02,s03,a10,THROTTLE,spanning,0.31018298931801114,0.4115075580990037
s03-a10-THROTTLE-r03,s03,a10,THROTTLE,spanning,0.28559400561781834,0.3977575323814757
s03-a10-THROTTLE-r04,s03,a10,THROTTLE,spanning,0.3383635622101094,0.42840161059106463
s03-a10-THROTTLE-r05,s03,a10,THROTTLE,spanning,0.2844789904969818,0.3974514080513523
s03-a14-NO_OP-r01,s03,a14,NO_OP,post-onset,0.2672665633723939,0.26814044536041376
s03-a14-NO_OP-r02,s03,a14,NO_OP,post-onset,0.27271049395521596,0.2725488243725109
s03-a14-NO_OP-r03,s03,a14,NO_OP,post-onset,0.27688474026442966,0.28277827311153925
s03-a14-NO_OP-r04,s03,a14,NO_OP,post-onset,0.2744298149849544,0.2735141224056373
s03-a14-NO_OP-r05,s03,a14,NO_OP,post-onset,0.2726945993169871,0.27204200276106294
s03-a14-REROUTE-r01,s03,a14,REROUTE,post-onset,0.0674746641384712,0.07805871347847619
s03-a14-REROUTE-r02,s03,a14,REROUTE,post-onset,0.07657863213043012,0.08212177772946032
s03-a14-REROUTE-r03,s03,a14,REROUTE,post-onset,0.08337500701613149,0.08700450542361904
s03-a14-REROUTE-r04,s03,a14,REROUTE,post-onset,0.06791773766025104,0.07562649703980957
s03-a14-REROUTE-r05,s03,a14,REROUTE,post-onset,0.06717600823958972,0.08142214894069845
s03-a14-THROTTLE-r01,s03,a14,THROTTLE,post-onset,0.28196109627489896,0.37303053329013336
s03-a14-THROTTLE-r02,s03,a14,THROTTLE,post-onset,0.28132346728079644,0.38357574399459043
s03-a14-THROTTLE-r03,s03,a14,THROTTLE,post-onset,0.2905739379281404,0.38439656487497137
s03-a14-THROTTLE-r04,s03,a14,THROTTLE,post-onset,0.2810556312552792,0.37358189667253333
s03-a14-THROTTLE-r05,s03,a14,THROTTLE,post-onset,0.29088803346571684,0.3787616870909715
s03-a18-NO_OP-r01,s03,a18,NO_OP,post-onset,0.33806154110607484,0.35002013258282055
s03-a18-NO_OP-r02,s03,a18,NO_OP,post-onset,0.3292794098108669,0.3374290782872364
s03-a18-NO_OP-r03,s03,a18,NO_OP,post-onset,0.3498402685501278,0.3562452586466382
s03-a18-NO_OP-r04,s03,a18,NO_OP,post-onset,0.33691371703258716,0.34425287920390313
s03-a18-NO_OP-r05,s03,a18,NO_OP,post-onset,0.3335013941755047,0.34149854576301986
s03-a18-REROUTE-r01,s03,a18,REROUTE,post-onset,0.16063880777734685,0.15552293225514668
s03-a18-REROUTE-r02,s03,a18,REROUTE,post-onset,0.15414535941868376,0.1509641550303733
s03-a18-REROUTE-r03,s03,a18,REROUTE,post-onset,0.15353660105540823,0.14976487046927997
s03-a18-REROUTE-r04,s03,a18,REROUTE,post-onset,0.15483501892412516,0.15092867113504
s03-a18-REROUTE-r05,s03,a18,REROUTE,post-onset,0.15366843513797296,0.14918588437136002
s03-a18-THROTTLE-r01,s03,a18,THROTTLE,post-onset,0.3311795601179294,0.40977169054626356
s03-a18-THROTTLE-r02,s03,a18,THROTTLE,post-onset,0.346586676194125,0.4198881358807752
s03-a18-THROTTLE-r03,s03,a18,THROTTLE,post-onset,0.324088356000114,0.4051774690434729
s03-a18-THROTTLE-r04,s03,a18,THROTTLE,post-onset,0.3245782699922146,0.4052775281230389
s03-a18-THROTTLE-r05,s03,a18,THROTTLE,post-onset,0.32411332229370476,0.40670626105562796
s03-a22-NO_OP-r01,s03,a22,NO_OP,post-onset,0.3916681601669113,0.39875167949794466
s03-a22-NO_OP-r02,s03,a22,NO_OP,post-onset,0.38920913556261194,0.3941354578048557
s03-a22-NO_OP-r03,s03,a22,NO_OP,post-onset,0.3849992266607987,0.3931366484097224
s03-a22-NO_OP-r04,s03,a22,NO_OP,post-onset,0.3963694924716056,0.40113747274527967
s03-a22-NO_OP-r05,s03,a22,NO_OP,post-onset,0.3895994467884595,0.3955232805237352
s03-a22-REROUTE-r01,s03,a22,REROUTE,post-onset,0.2458878578827541,0.2184476303965746
s03-a22-REROUTE-r02,s03,a22,REROUTE,post-onset,0.25040419991941587,0.22771708688974712
s03-a22-REROUTE-r03,s03,a22,REROUTE,post-onset,0.25009074106873147,0.22237325654524137
s03-a22-REROUTE-r04,s03,a22,REROUTE,post-onset,0.2512913628592571,0.22306756582094253
s03-a22-REROUTE-r05,s03,a22,REROUTE,post-onset,0.24549296750228874,0.22264687989450574
s03-a22-THROTTLE-r01,s03,a22,THROTTLE,post-onset,0.4064666531473343,0.45390990132823433
s03-a22-THROTTLE-r02,s03,a22,THROTTLE,post-onset,0.40150888745810803,0.4509078992198061
s03-a22-THROTTLE-r03,s03,a22,THROTTLE,post-onset,0.3912950429568005,0.44359040408448575
s03-a22-THROTTLE-r04,s03,a22,THROTTLE,post-onset,0.39200251863223556,0.444036548240303
s03-a22-THROTTLE-r05,s03,a22,THROTTLE,post-onset,0.40077171533172057,0.4505611053741735
s03-a26-NO_OP-r01,s03,a26,NO_OP,post-onset,0.43449066789447127,0.4380216955640305
s03-a26-NO_OP-r02,s03,a26,NO_OP,post-onset,0.4270965469268359,0.4306676161127174
s03-a26-NO_OP-r03,s03,a26,NO_OP,post-onset,0.42676675155256744,0.4326444965687958
s03-a26-NO_OP-r04,s03,a26,NO_OP,post-onset,0.4272247285948199,0.43240806013755406
s03-a26-NO_OP-r05,s03,a26,NO_OP,post-onset,0.4263115239040305,0.43023726154535336
s03-a26-REROUTE-r01,s03,a26,REROUTE,post-onset,0.3229607892571775,0.2864229286772122
s03-a26-REROUTE-r02,s03,a26,REROUTE,post-onset,0.3254485143816526,0.28586739641973746
s03-a26-REROUTE-r03,s03,a26,REROUTE,post-onset,0.31623876033902854,0.27720406140597975
s03-a26-REROUTE-r04,s03,a26,REROUTE,post-onset,0.32127174576831885,0.284051034448101
s03-a26-REROUTE-r05,s03,a26,REROUTE,post-onset,0.3150914804121612,0.27690748164153534
s03-a26-THROTTLE-r01,s03,a26,THROTTLE,post-onset,0.44211660044256007,0.47523665702297285
s03-a26-THROTTLE-r02,s03,a26,THROTTLE,post-onset,0.44985622201140063,0.48264997115865227
s03-a26-THROTTLE-r03,s03,a26,THROTTLE,post-onset,0.44328100629756173,0.4773527837256846
s03-a26-THROTTLE-r04,s03,a26,THROTTLE,post-onset,0.44701629425739875,0.4787646264541448
s03-a26-THROTTLE-r05,s03,a26,THROTTLE,post-onset,0.4426143676286256,0.4773076653557862
s03-a30-NO_OP-r01,s03,a30,NO_OP,post-onset,0.47284456879127057,0.4749246956239961
s03-a30-NO_OP-r02,s03,a30,NO_OP,post-onset,0.4627368359419856,0.46753063822342866
s03-a30-NO_OP-r03,s03,a30,NO_OP,post-onset,0.46707788029634784,0.47140632382030934
s03-a30-NO_OP-r04,s03,a30,NO_OP,post-onset,0.46525062474554973,0.4697871926970308
s03-a30-NO_OP-r05,s03,a30,NO_OP,post-onset,0.4727973855004282,0.47643112668828996
s03-a30-REROUTE-r01,s03,a30,REROUTE,post-onset,0.3673895052580379,0.32992925511643234
s03-a30-REROUTE-r02,s03,a30,REROUTE,post-onset,0.37411512062309005,0.3311849531092072
s03-a30-REROUTE-r03,s03,a30,REROUTE,post-onset,0.364940830188462,0.32585439021439633
s03-a30-REROUTE-r04,s03,a30,REROUTE,post-onset,0.36645550207019545,0.33052853256953163
s03-a30-REROUTE-r05,s03,a30,REROUTE,post-onset,0.37197152668997086,0.33445990944672077
s03-a30-THROTTLE-r01,s03,a30,THROTTLE,post-onset,0.48023360458342373,0.5024521815362295
s03-a30-THROTTLE-r02,s03,a30,THROTTLE,post-onset,0.48356202813953136,0.5062738277549366
s03-a30-THROTTLE-r03,s03,a30,THROTTLE,post-onset,0.48196625012224326,0.504616765394757
s03-a30-THROTTLE-r04,s03,a30,THROTTLE,post-onset,0.48564818744374705,0.5081827242585109
s03-a30-THROTTLE-r05,s03,a30,THROTTLE,post-onset,0.4877449780927628,0.5093074838441637
s04-a02-NO_OP-r01,s04,a02,NO_OP,spanning,0.6038529509096,0.0834539197298413
s04-a02-NO_OP-r02,s04,a02,NO_OP,spanning,0.6061802854126667,0.08387027242952377
s04-a02-NO_OP-r03,s04,a02,NO_OP,spanning,0.6061329316686667,0.08386143411563494
s04-a02-NO_OP-r04,s04,a02,NO_OP,spanning,0.6061349566382667,0.08336506560142856
s04-a02-NO_OP-r05,s04,a02,NO_OP,spanning,0.6038900715274667,0.08380421212468254
s04-a02-REROUTE-r01,s04,a02,REROUTE,spanning,0.060170331751000006,0.04147753088733334
s04-a02-REROUTE-r02,s04,a02,REROUTE,spanning,0.06242545935788889,0.04168969522925924
s04-a02-REROUTE-r03,s04,a02,REROUTE,spanning,0.06178570593477778,0.02995463658911109
s04-a02-REROUTE-r04,s04,a02,REROUTE,spanning,0.06173845944177778,0.04309559128348145
s04-a02-REROUTE-r05,s04,a02,REROUTE,spanning,0.05803805199144445,0.029816752436666677
s04-a02-THROTTLE-r01,s04,a02,THROTTLE,spanning,0.6024694539288,0.7029012108350616
s04-a02-THROTTLE-r02,s04,a02,THROTTLE,spanning,0.6046053684954666,0.7026821248858024
s04-a02-THROTTLE-r03,s04,a02,THROTTLE,spanning,0.6053842919305333,0.7080982294902469
s04-a02-THROTTLE-r04,s04,a02,THROTTLE,spanning,0.6045839308544,0.7089467907530864
s04-a02-THROTTLE-r05,s04,a02,THROTTLE,spanning,0.6008308985418667,0.7030981283723456
s04-a06-NO_OP-r01,s04,a06,NO_OP,spanning,0.2850073175844572,0.29971818129727174
s04-a06-NO_OP-r02,s04,a06,NO_OP,spanning,0.32494526033565724,0.31332033141259996
s04-a06-NO_OP-r03,s04,a06,NO_OP,spanning,0.31250027061878094,0.30594556467153333
s04-a06-NO_OP-r04,s04,a06,NO_OP,spanning,0.2802908500875048,0.2997406802214718
s04-a06-NO_OP-r05,s04,a06,NO_OP,spanning,0.35513435409763816,0.31738127024970253
s04-a06-REROUTE-r01,s04,a06,REROUTE,spanning,0.03361415142269173,0.029789165761641048
s04-a06-REROUTE-r02,s04,a06,REROUTE,spanning,0.03398497344598996,0.029956641906923067
s04-a06-REROUTE-r03,s04,a06,REROUTE,spanning,0.033705612458644105,0.029998929857487196
s04-a06-REROUTE-r04,s04,a06,REROUTE,spanning,0.033995205990533836,0.03708394049333335
s04-a06-REROUTE-r05,s04,a06,REROUTE,spanning,0.057167775700711784,0.03804141775328206
s04-a06-THROTTLE-r01,s04,a06,THROTTLE,spanning,0.3432055680069619,0.4869408112992675
s04-a06-THROTTLE-r02,s04,a06,THROTTLE,spanning,0.34314941592989523,0.5158373046569801
s04-a06-THROTTLE-r03,s04,a06,THROTTLE,spanning,0.34500456896736187,0.5143604313380912
s04-a06-THROTTLE-r04,s04,a06,THROTTLE,spanning,0.3412682955298285,0.5155050409677208
s04-a06-THROTTLE-r05,s04,a06,THROTTLE,spanning,0.3681074446439714,0.5251605013886325
s04-a10-NO_OP-r01,s04,a10,NO_OP,post-onset,0.34894782070185193,0.4326993450452164
s04-a10-NO_OP-r02,s04,a10,NO_OP,post-onset,0.34983580833302463,0.43044240617567614
s04-a10-NO_OP-r03,s04,a10,NO_OP,post-onset,0.3504995710981481,0.42810031069395205
s04-a10-NO_OP-r04,s04,a10,NO_OP,post-onset,0.34961947045432096,0.42789774010021636
s04-a10-NO_OP-r05,s04,a10,NO_OP,post-onset,0.3629333089998237,0.43980328325326906
s04-a10-REROUTE-r01,s04,a10,REROUTE,post-onset,0.06708128358995386,0.1119206461041961
s04-a10-REROUTE-r02,s04,a10,REROUTE,post-onset,0.045437755278695896,0.09957613751596078
s04-a10-REROUTE-r03,s04,a10,REROUTE,post-onset,0.04521953779246441,0.09303699667592155
s04-a10-REROUTE-r04,s04,a10,REROUTE,post-onset,0.06390098830680407,0.10119589738584314
s04-a10-REROUTE-r05,s04,a10,REROUTE,post-onset,0.06937452705519113,0.1055450477744706
s04-a10-THROTTLE-r01,s04,a10,THROTTLE,post-onset,0.3294817427584321,0.5045586998694185
s04-a10-THROTTLE-r02,s04,a10,THROTTLE,post-onset,0.3310628710242469,0.5049907906540162
s04-a10-THROTTLE-r03,s04,a10,THROTTLE,post-onset,0.36145760636964724,0.5205713292761056
s04-a10-THROTTLE-r04,s04,a10,THROTTLE,post-onset,0.3320223338714691,0.508218736898384
s04-a10-THROTTLE-r05,s04,a10,THROTTLE,post-onset,0.3323995732339718,0.5044003377897059
s04-a14-NO_OP-r01,s04,a14,NO_OP,post-onset,0.46906017390444754,0.5246025497796538
s04-a14-NO_OP-r02,s04,a14,NO_OP,post-onset,0.468442916027565,0.5228672490886941
s04-a14-NO_OP-r03,s04,a14,NO_OP,post-onset,0.4767585432238979,0.5282779641559596
s04-a14-NO_OP-r04,s04,a14,NO_OP,post-onset,0.47964586226107314,0.5308630435383477
s04-a14-NO_OP-r05,s04,a14,NO_OP,post-onset,0.47769592949019396,0.5287668942881674
s04-a14-REROUTE-r01,s04,a14,REROUTE,post-onset,0.21873510878112312,0.2417477828742244
s04-a14-REROUTE-r02,s04,a14,REROUTE,post-onset,0.22109537807075288,0.24298909015396977
s04-a14-REROUTE-r03,s04,a14,REROUTE,post-onset,0.2211519912348099,0.24384409426872697
s04-a14-REROUTE-r04,s04,a14,REROUTE,post-onset,0.21803989912510863,0.23952236655633194
s04-a14-REROUTE-r05,s04,a14,REROUTE,post-onset,0.22300153008631057,0.24441272565677516
s04-a14-THROTTLE-r01,s04,a14,THROTTLE,post-onset,0.5331092278550535,0.5838464039663347
s04-a14-THROTTLE-r02,s04,a14,THROTTLE,post-onset,0.5434467916285385,0.5910968429357937
s04-a14-THROTTLE-r03,s04,a14,THROTTLE,post-onset,0.5515945193044811,0.5984809280210606
s04-a14-THROTTLE-r04,s04,a14,THROTTLE,post-onset,0.5349075155574013,0.5864439748065873
s04-a14-THROTTLE-r05,s04,a14,THROTTLE,post-onset,0.5328144764969827,0.5842471706255267
s04-a18-NO_OP-r01,s04,a18,NO_OP,post-onset,0.5505392557865738,0.6064530435277027
s04-a18-NO_OP-r02,s04,a18,NO_OP,post-onset,0.5581049193027035,0.6154983086322071
s04-a18-NO_OP-r03,s04,a18,NO_OP,post-onset,0.5422502399718396,0.5971719766446847
s04-a18-NO_OP-r04,s04,a18,NO_OP,post-onset,0.5430454369483549,0.5982880027406307
s04-a18-NO_OP-r05,s04,a18,NO_OP,post-onset,0.5425173437943375,0.5991601420227478
s04-a18-REROUTE-r01,s04,a18,REROUTE,post-onset,0.3315571187273875,0.3454029945992049
s04-a18-REROUTE-r02,s04,a18,REROUTE,post-onset,0.3326803512654711,0.34558537720333343
s04-a18-REROUTE-r03,s04,a18,REROUTE,post-onset,0.33942569455192634,0.3607979162966055
s04-a18-REROUTE-r04,s04,a18,REROUTE,post-onset,0.33089151607612893,0.3446728665366972
s04-a18-REROUTE-r05,s04,a18,REROUTE,post-onset,0.3314152718915909,0.34550226934847106
s04-a18-THROTTLE-r01,s04,a18,THROTTLE,post-onset,0.5992810379580074,0.6524056338918919
s04-a18-THROTTLE-r02,s04,a18,THROTTLE,post-onset,0.6076533016347483,0.6604423227960813
s04-a18-THROTTLE-r03,s04,a18,THROTTLE,post-onset,0.5989758756002902,0.6489128122218469
s04-a18-THROTTLE-r04,s04,a18,THROTTLE,post-onset,0.5993833603657956,0.65015435426991
s04-a18-THROTTLE-r05,s04,a18,THROTTLE,post-onset,0.6007160413434376,0.6509048504327029
s04-a22-NO_OP-r01,s04,a22,NO_OP,post-onset,0.6064739263092814,0.6707342059446086
s04-a22-NO_OP-r02,s04,a22,NO_OP,post-onset,0.6047613684969013,0.6683027842925203
s04-a22-NO_OP-r03,s04,a22,NO_OP,post-onset,0.5991588440928947,0.6632513997701303
s04-a22-NO_OP-r04,s04,a22,NO_OP,post-onset,0.6089078470480107,0.6761253956910654
s04-a22-NO_OP-r05,s04,a22,NO_OP,post-onset,0.6009169990229049,0.6647394738698865
s04-a22-REROUTE-r01,s04,a22,REROUTE,post-onset,0.4379421673321425,0.4430994533549436
s04-a22-REROUTE-r02,s04,a22,REROUTE,post-onset,0.4372251526816096,0.4469690095997376
s04-a22-REROUTE-r03,s04,a22,REROUTE,post-onset,0.4353335457896166,0.470042979532839
s04-a22-REROUTE-r04,s04,a22,REROUTE,post-onset,0.42359161497328646,0.43821203286496613
s04-a22-REROUTE-r05,s04,a22,REROUTE,post-onset,0.4343342074637749,0.4479972321172433
s04-a22-THROTTLE-r01,s04,a22,THROTTLE,post-onset,0.650168282530681,0.7094505009275553
s04-a22-THROTTLE-r02,s04,a22,THROTTLE,post-onset,0.6490514199504752,0.708454992679344
s04-a22-THROTTLE-r03,s04,a22,THROTTLE,post-onset,0.6484468702152227,0.7095095276998318
s04-a22-THROTTLE-r04,s04,a22,THROTTLE,post-onset,0.6507827707654382,0.7133317349915391
s04-a22-THROTTLE-r05,s04,a22,THROTTLE,post-onset,0.649351941796115,0.7086083668506855
s04-a26-NO_OP-r01,s04,a26,NO_OP,post-onset,0.6498060631294358,0.723433720328189
s04-a26-NO_OP-r02,s04,a26,NO_OP,post-onset,0.656756633392133,0.7352653145210876
s04-a26-NO_OP-r03,s04,a26,NO_OP,post-onset,0.6510692951015077,0.7275802305936329
s04-a26-NO_OP-r04,s04,a26,NO_OP,post-onset,0.6587057748931746,0.7355709315479666
s04-a26-NO_OP-r05,s04,a26,NO_OP,post-onset,0.6524150330301166,0.7281248533297071
s04-a26-REROUTE-r01,s04,a26,REROUTE,post-onset,0.5243508999956294,0.5351578459397455
s04-a26-REROUTE-r02,s04,a26,REROUTE,post-onset,0.5071010337100055,0.5242648096773915
s04-a26-REROUTE-r03,s04,a26,REROUTE,post-onset,0.5028369118749968,0.5105875297445819
s04-a26-REROUTE-r04,s04,a26,REROUTE,post-onset,0.5128424852109659,0.5213435696323128
s04-a26-REROUTE-r05,s04,a26,REROUTE,post-onset,0.5100923812490198,0.5285996272618594
s04-a26-THROTTLE-r01,s04,a26,THROTTLE,post-onset,0.6940718429399523,0.7634481458823132
s04-a26-THROTTLE-r02,s04,a26,THROTTLE,post-onset,0.7007563911873556,0.7714597527252827
s04-a26-THROTTLE-r03,s04,a26,THROTTLE,post-onset,0.6942207050080526,0.7645843189422021
s04-a26-THROTTLE-r04,s04,a26,THROTTLE,post-onset,0.7092106537304715,0.778862729271468
s04-a26-THROTTLE-r05,s04,a26,THROTTLE,post-onset,0.6931001423956599,0.762007555113239
s04-a30-NO_OP-r01,s04,a30,NO_OP,post-onset,0.7141588697338821,0.7674054054054055
s04-a30-NO_OP-r02,s04,a30,NO_OP,post-onset,0.7073413110156527,0.7618918918918919
s04-a30-NO_OP-r03,s04,a30,NO_OP,post-onset,0.7061835671193657,0.7610810810810812
s04-a30-NO_OP-r04,s04,a30,NO_OP,post-onset,0.7020128502114251,0.7578378378378379
s04-a30-NO_OP-r05,s04,a30,NO_OP,post-onset,0.7043220890276526,0.760918918918919
s04-a30-REROUTE-r01,s04,a30,REROUTE,post-onset,0.5700815748729906,0.5888840772196708
s04-a30-REROUTE-r02,s04,a30,REROUTE,post-onset,0.5681630976011461,0.5811901536657901
s04-a30-REROUTE-r03,s04,a30,REROUTE,post-onset,0.5677145732807122,0.5900507136173738
s04-a30-REROUTE-r04,s04,a30,REROUTE,post-onset,0.5704800830951443,0.5850235284177897
s04-a30-REROUTE-r05,s04,a30,REROUTE,post-onset,0.5674240126807351,0.5794567296050072
s04-a30-THROTTLE-r01,s04,a30,THROTTLE,post-onset,0.7394369586324727,0.792972972972973
s04-a30-THROTTLE-r02,s04,a30,THROTTLE,post-onset,0.747924312997863,0.7962162162162163
s04-a30-THROTTLE-r03,s04,a30,THROTTLE,post-onset,0.7401792620411181,0.792972972972973
s04-a30-THROTTLE-r04,s04,a30,THROTTLE,post-onset,0.7410109492175956,0.792972972972973
s04-a30-THROTTLE-r05,s04,a30,THROTTLE,post-onset,0.7395256227781721,0.792972972972973
s05-a02-NO_OP-r01,s05,a02,NO_OP,pre-fault,0.6061488507906666,0.02996506779659259
s05-a02-NO_OP-r02,s05,a02,NO_OP,pre-fault,0.6068813505197334,0.030159095168074107
s05-a02-NO_OP-r03,s05,a02,NO_OP,pre-fault,0.6143163497741334,0.04997957952881482
s05-a02-NO_OP-r04,s05,a02,NO_OP,pre-fault,0.6045522342998667,0.04946210612999999
s05-a02-NO_OP-r05,s05,a02,NO_OP,pre-fault,0.6068927830945333,0.03943637647229632
s05-a02-REROUTE-r01,s05,a02,REROUTE,pre-fault,0.06175483113144444,0.030101908473481466
s05-a02-REROUTE-r02,s05,a02,REROUTE,pre-fault,0.06026990769611111,0.045148306905777785
s05-a02-REROUTE-r03,s05,a02,REROUTE,pre-fault,0.05727146487522222,0.030054765638222215
s05-a02-REROUTE-r04,s05,a02,REROUTE,pre-fault,0.06245490785477778,0.04531729916177779
s05-a02-REROUTE-r05,s05,a02,REROUTE,pre-fault,0.06023563679822222,0.029866864919481498
s05-a02-THROTTLE-r01,s05,a02,THROTTLE,pre-fault,0.6055054704166667,0.7131788079848485
s05-a02-THROTTLE-r02,s05,a02,THROTTLE,pre-fault,0.6045502466718666,0.7094342381808485
s05-a02-THROTTLE-r03,s05,a02,THROTTLE,pre-fault,0.6811145351000001,0.7178829720055757
s05-a02-THROTTLE-r04,s05,a02,THROTTLE,pre-fault,0.6053345940848001,0.7092514808541819
s05-a02-THROTTLE-r05,s05,a02,THROTTLE,pre-fault,0.6046277496497333,0.7039478715647272
s05-a06-NO_OP-r01,s05,a06,NO_OP,pre-fault,0.28974210417512386,0.029996283018923122
s05-a06-NO_OP-r02,s05,a06,NO_OP,pre-fault,0.32333651091702864,0.04059987249738463
s05-a06-NO_OP-r03,s05,a06,NO_OP,pre-fault,0.2860375093330476,0.0299695153622564
s05-a06-NO_OP-r04,s05,a06,NO_OP,pre-fault,0.3267232135500382,0.04423968157841026
s05-a06-NO_OP-r05,s05,a06,NO_OP,pre-fault,0.3188523949402286,0.04951649484923082
s05-a06-REROUTE-r01,s05,a06,REROUTE,pre-fault,0.03395154147634086,0.03003684439871798
s05-a06-REROUTE-r02,s05,a06,REROUTE,pre-fault,0.03403604227360901,0.03978183197953847
s05-a06-REROUTE-r03,s05,a06,REROUTE,pre-fault,0.03433893604434586,0.05320395724933334
s05-a06-REROUTE-r04,s05,a06,REROUTE,pre-fault,0.0337977052998747,0.030127340814512828
s05-a06-REROUTE-r05,s05,a06,REROUTE,pre-fault,0.03434628654158898,0.04047895304466668
s05-a06-THROTTLE-r01,s05,a06,THROTTLE,pre-fault,0.3443291011331428,0.507257532930575
s05-a06-THROTTLE-r02,s05,a06,THROTTLE,pre-fault,0.3428564466501809,0.5089104256610311
s05-a06-THROTTLE-r03,s05,a06,THROTTLE,pre-fault,0.3421907161529618,0.5075662752375223
s05-a06-THROTTLE-r04,s05,a06,THROTTLE,pre-fault,0.3771456687900476,0.5243453456538624
s05-a06-THROTTLE-r05,s05,a06,THROTTLE,pre-fault,0.3430117916939047,0.5045553423785858
s05-a10-NO_OP-r01,s05,a10,NO_OP,pre-fault,0.2335525925065432,0.038226212801019684
s05-a10-NO_OP-r02,s05,a10,NO_OP,pre-fault,0.20955402917917693,0.03030387838666662
s05-a10-NO_OP-r03,s05,a10,NO_OP,pre-fault,0.21833516627395058,0.030200299476392148
s05-a10-NO_OP-r04,s05,a10,NO_OP,pre-fault,0.23276334610436214,0.049060336900392104
s05-a10-NO_OP-r05,s05,a10,NO_OP,pre-fault,0.21326834072489712,0.031275234750509806
s05-a10-REROUTE-r01,s05,a10,REROUTE,pre-fault,0.03137043998021533,0.03799486722733333
s05-a10-REROUTE-r02,s05,a10,REROUTE,pre-fault,0.06261634433223226,0.04602987597870588
s05-a10-REROUTE-r03,s05,a10,REROUTE,pre-fault,0.03158168189989425,0.030337647486901972
s05-a10-REROUTE-r04,s05,a10,REROUTE,pre-fault,0.05240247010821994,0.040532632114941194
s05-a10-REROUTE-r05,s05,a10,REROUTE,pre-fault,0.05395029300521961,0.05749092248886271
s05-a10-THROTTLE-r01,s05,a10,THROTTLE,pre-fault,0.2850207203988836,0.39589656024546116
s05-a10-THROTTLE-r02,s05,a10,THROTTLE,pre-fault,0.2849020381587331,0.3938441822940043
s05-a10-THROTTLE-r03,s05,a10,THROTTLE,pre-fault,0.28565197101306294,0.3770086882683021
s05-a10-THROTTLE-r04,s05,a10,THROTTLE,pre-fault,0.2846434064023398,0.3938484753294118
s05-a10-THROTTLE-r05,s05,a10,THROTTLE,pre-fault,0.31033834187170367,0.410531263200796
s05-a14-NO_OP-r01,s05,a14,NO_OP,spanning,0.17944880967149685,0.10623269476160656
s05-a14-NO_OP-r02,s05,a14,NO_OP,spanning,0.19087436089013624,0.11323093924591632
s05-a14-NO_OP-r03,s05,a14,NO_OP,spanning,0.18396979664594545,0.10683583212443484
s05-a14-NO_OP-r04,s05,a14,NO_OP,spanning,0.17800945457114364,0.11232441746321796
s05-a14-NO_OP-r05,s05,a14,NO_OP,spanning,0.18821115952338313,0.11817948641940836
s05-a14-REROUTE-r01,s05,a14,REROUTE,spanning,0.051743930495934426,0.04238957380580951
s05-a14-REROUTE-r02,s05,a14,REROUTE,spanning,0.04173344222300197,0.036461902125777754
s05-a14-REROUTE-r03,s05,a14,REROUTE,spanning,0.05150494225661474,0.042200648148984096
s05-a14-REROUTE-r04,s05,a14,REROUTE,spanning,0.030492057529681923,0.029974968374126998
s05-a14-REROUTE-r05,s05,a14,REROUTE,spanning,0.03098196677040511,0.03024440138638095
s05-a14-THROTTLE-r01,s05,a14,THROTTLE,spanning,0.2505496845055781,0.3292202811442666
s05-a14-THROTTLE-r02,s05,a14,THROTTLE,spanning,0.26227086908752867,0.3380598196220571
s05-a14-THROTTLE-r03,s05,a14,THROTTLE,spanning,0.2579296726602933,0.3340898506578666
s05-a14-THROTTLE-r04,s05,a14,THROTTLE,spanning,0.25296945358093703,0.33178004184899046
s05-a14-THROTTLE-r05,s05,a14,THROTTLE,spanning,0.2553091698599544,0.3328764507815619
s05-a18-NO_OP-r01,s05,a18,NO_OP,spanning,0.18478789924491715,0.22817757141132133
s05-a18-NO_OP-r02,s05,a18,NO_OP,spanning,0.1613090538753986,0.21569978560723724
s05-a18-NO_OP-r03,s05,a18,NO_OP,spanning,0.16086791538368822,0.2137531419323724
s05-a18-NO_OP-r04,s05,a18,NO_OP,spanning,0.160571515989518,0.21541222174153143
s05-a18-NO_OP-r05,s05,a18,NO_OP,spanning,0.16199454971454863,0.215173515706967
s05-a18-REROUTE-r01,s05,a18,REROUTE,spanning,0.040469102656849824,0.04585535994821337
s05-a18-REROUTE-r02,s05,a18,REROUTE,spanning,0.036715718922504574,0.04029420397722665
s05-a18-REROUTE-r03,s05,a18,REROUTE,spanning,0.04677538445592788,0.04655400632429333
s05-a18-REROUTE-r04,s05,a18,REROUTE,spanning,0.04011145094216806,0.036334702476986634
s05-a18-REROUTE-r05,s05,a18,REROUTE,spanning,0.030593799380366802,0.03369862290231995
s05-a18-THROTTLE-r01,s05,a18,THROTTLE,spanning,0.21805652558963606,0.2810434803094264
s05-a18-THROTTLE-r02,s05,a18,THROTTLE,spanning,0.24006730203656096,0.2974391662616433
s05-a18-THROTTLE-r03,s05,a18,THROTTLE,spanning,0.22482933954559164,0.28612497679897686
s05-a18-THROTTLE-r04,s05,a18,THROTTLE,spanning,0.21163950936140263,0.27636128066006205
s05-a18-THROTTLE-r05,s05,a18,THROTTLE,spanning,0.21717316431589434,0.28063317800796905
s05-a22-NO_OP-r01,s05,a22,NO_OP,post-onset,0.26505259607127846,0.30148385252347726
s05-a22-NO_OP-r02,s05,a22,NO_OP,post-onset,0.2594178263604868,0.2935978625290551
s05-a22-NO_OP-r03,s05,a22,NO_OP,post-onset,0.26461401348075225,0.2991243003586702
s05-a22-NO_OP-r04,s05,a22,NO_OP,post-onset,0.26654991522316146,0.299916691937917
s05-a22-NO_OP-r05,s05,a22,NO_OP,post-onset,0.27062948206717113,0.3028055763246809
s05-a22-REROUTE-r01,s05,a22,REROUTE,post-onset,0.0927363494756082,0.1213172397014253
s05-a22-REROUTE-r02,s05,a22,REROUTE,post-onset,0.07932757736123688,0.10323571945859775
s05-a22-REROUTE-r03,s05,a22,REROUTE,post-onset,0.08200519764567396,0.10611106635163214
s05-a22-REROUTE-r04,s05,a22,REROUTE,post-onset,0.08533927856241469,0.10759149815855179
s05-a22-REROUTE-r05,s05,a22,REROUTE,post-onset,0.07861604679957276,0.10693810164370118
s05-a22-THROTTLE-r01,s05,a22,THROTTLE,post-onset,0.2596572952453526,0.33799993993394645
s05-a22-THROTTLE-r02,s05,a22,THROTTLE,post-onset,0.27294936585856905,0.3479453427763163
s05-a22-THROTTLE-r03,s05,a22,THROTTLE,post-onset,0.2602947444925342,0.3392624668688786
s05-a22-THROTTLE-r04,s05,a22,THROTTLE,post-onset,0.26487678638786677,0.3409336156320886
s05-a22-THROTTLE-r05,s05,a22,THROTTLE,post-onset,0.2697263204977199,0.34796942423712734
s05-a26-NO_OP-r01,s05,a26,NO_OP,post-onset,0.3386635737021427,0.3721896773516611
s05-a26-NO_OP-r02,s05,a26,NO_OP,post-onset,0.3341152227737926,0.36637368918417956
s05-a26-NO_OP-r03,s05,a26,NO_OP,post-onset,0.33438672051868573,0.3667942146800337
s05-a26-NO_OP-r04,s05,a26,NO_OP,post-onset,0.3289247416724555,0.36496317188303484
s05-a26-NO_OP-r05,s05,a26,NO_OP,post-onset,0.33478933969019786,0.3707005009357711
s05-a26-REROUTE-r01,s05,a26,REROUTE,post-onset,0.17342079278879188,0.18808951333115148
s05-a26-REROUTE-r02,s05,a26,REROUTE,post-onset,0.17292029842038018,0.19309231490723228
s05-a26-REROUTE-r03,s05,a26,REROUTE,post-onset,0.18492156330019743,0.20132239397862622
s05-a26-REROUTE-r04,s05,a26,REROUTE,post-onset,0.16889995594192228,0.195488031281495
s05-a26-REROUTE-r05,s05,a26,REROUTE,post-onset,0.18084548497031194,0.1942603763319192
s05-a26-THROTTLE-r01,s05,a26,THROTTLE,post-onset,0.3831164493772973,0.41453019241109756
s05-a26-THROTTLE-r02,s05,a26,THROTTLE,post-onset,0.3698042625651846,0.40245363669850504
s05-a26-THROTTLE-r03,s05,a26,THROTTLE,post-onset,0.36996656791027915,0.401826768103073
s05-a26-THROTTLE-r04,s05,a26,THROTTLE,post-onset,0.37256348974086373,0.4057708233947004
s05-a26-THROTTLE-r05,s05,a26,THROTTLE,post-onset,0.37926736008274864,0.41132022684589903
s05-a30-NO_OP-r01,s05,a30,NO_OP,post-onset,0.3874560616287686,0.4209438122607514
s05-a30-NO_OP-r02,s05,a30,NO_OP,post-onset,0.3924289053312182,0.42912992780514203
s05-a30-NO_OP-r03,s05,a30,NO_OP,post-onset,0.4012869076652425,0.4358413127739438
s05-a30-NO_OP-r04,s05,a30,NO_OP,post-onset,0.39306017206660865,0.42636843870127594
s05-a30-NO_OP-r05,s05,a30,NO_OP,post-onset,0.38914859608421243,0.4252164896734497
s05-a30-REROUTE-r01,s05,a30,REROUTE,post-onset,0.24599285065141188,0.25996611186026775
s05-a30-REROUTE-r02,s05,a30,REROUTE,post-onset,0.24668414835896874,0.2644906788676963
s05-a30-REROUTE-r03,s05,a30,REROUTE,post-onset,0.24877127523463727,0.2620432391727919
s05-a30-REROUTE-r04,s05,a30,REROUTE,post-onset,0.25475744670452066,0.2681468153967043
s05-a30-REROUTE-r05,s05,a30,REROUTE,post-onset,0.25082032377548313,0.26935818812599005
s05-a30-THROTTLE-r01,s05,a30,THROTTLE,post-onset,0.4278944549630919,0.4602726853728479
s05-a30-THROTTLE-r02,s05,a30,THROTTLE,post-onset,0.4279432251028365,0.46247618740615853
s05-a30-THROTTLE-r03,s05,a30,THROTTLE,post-onset,0.43179419107371697,0.46399036732275234
s05-a30-THROTTLE-r04,s05,a30,THROTTLE,post-onset,0.428804078495785,0.4617651583577912
s05-a30-THROTTLE-r05,s05,a30,THROTTLE,post-onset,0.4262510198175222,0.45563549505958256
s06-a02-NO_OP-r01,s06,a02,NO_OP,pre-fault,0.6069115115058668,0.029548798731703765
s06-a02-NO_OP-r02,s06,a02,NO_OP,pre-fault,0.6060677632682666,0.030158397960962986
s06-a02-NO_OP-r03,s06,a02,NO_OP,pre-fault,0.6061335538412,0.029884799136740782
s06-a02-NO_OP-r04,s06,a02,NO_OP,pre-fault,0.6061563927552,0.029999400304444486
s06-a02-NO_OP-r05,s06,a02,NO_OP,pre-fault,0.6067645127334667,0.02992926480355558
s06-a02-REROUTE-r01,s06,a02,REROUTE,pre-fault,0.06180458927588888,0.03027969476777779
s06-a02-REROUTE-r02,s06,a02,REROUTE,pre-fault,0.06025137541033333,0.03023569630466663
s06-a02-REROUTE-r03,s06,a02,REROUTE,pre-fault,0.06015820760033333,0.057922791093555526
s06-a02-REROUTE-r04,s06,a02,REROUTE,pre-fault,0.061653740983555555,0.029910235345333325
s06-a02-REROUTE-r05,s06,a02,REROUTE,pre-fault,0.06241909113888889,0.03015002562059257
s06-a02-THROTTLE-r01,s06,a02,THROTTLE,pre-fault,0.6053145422649334,0.7038114369996362
s06-a02-THROTTLE-r02,s06,a02,THROTTLE,pre-fault,0.6038846445909333,0.7044633574353938
s06-a02-THROTTLE-r03,s06,a02,THROTTLE,pre-fault,0.606147471044,0.7039114394173334
s06-a02-THROTTLE-r04,s06,a02,THROTTLE,pre-fault,0.6000944575667999,0.7037945875926059
s06-a02-THROTTLE-r05,s06,a02,THROTTLE,pre-fault,0.6046319376130667,0.6638800655717576
s06-a06-NO_OP-r01,s06,a06,NO_OP,pre-fault,0.28291348980790476,0.030405910228359024
s06-a06-NO_OP-r02,s06,a06,NO_OP,pre-fault,0.28501249408801904,0.02976895681158977
s06-a06-NO_OP-r03,s06,a06,NO_OP,pre-fault,0.2860576000873143,0.030243670389230776
s06-a06-NO_OP-r04,s06,a06,NO_OP,pre-fault,0.2808261935453714,0.030053278516102556
s06-a06-NO_OP-r05,s06,a06,NO_OP,pre-fault,0.2828923847698857,0.04065464830425642
s06-a06-REROUTE-r01,s06,a06,REROUTE,pre-fault,0.03409431633761154,0.030111680957179494
s06-a06-REROUTE-r02,s06,a06,REROUTE,pre-fault,0.0660398964445188,0.05038472976548722
s06-a06-REROUTE-r03,s06,a06,REROUTE,pre-fault,0.07136012307025565,0.05259797367297435
s06-a06-REROUTE-r04,s06,a06,REROUTE,pre-fault,0.03417158152194988,0.03858507839999999
s06-a06-REROUTE-r05,s06,a06,REROUTE,pre-fault,0.034066150795874696,0.029988651586102574
s06-a06-THROTTLE-r01,s06,a06,THROTTLE,pre-fault,0.3431796257372952,0.5072624775537328
s06-a06-THROTTLE-r02,s06,a06,THROTTLE,pre-fault,0.3427853134209238,0.5071245995152767
s06-a06-THROTTLE-r03,s06,a06,THROTTLE,pre-fault,0.34353192413053324,0.508419597515066
s06-a06-THROTTLE-r04,s06,a06,THROTTLE,pre-fault,0.34365939222445707,0.509602380974996
s06-a06-THROTTLE-r05,s06,a06,THROTTLE,pre-fault,0.3675315242788094,0.5214925971235898
s06-a10-NO_OP-r01,s06,a10,NO_OP,pre-fault,0.21303486203625513,0.029979286412117667
s06-a10-NO_OP-r02,s06,a10,NO_OP,pre-fault,0.2381704522874074,0.03821050123854902
s06-a10-NO_OP-r03,s06,a10,NO_OP,pre-fault,0.21179983889427986,0.032419850521803885
s06-a10-NO_OP-r04,s06,a10,NO_OP,pre-fault,0.23253120751983536,0.04614710583262744
s06-a10-NO_OP-r05,s06,a10,NO_OP,pre-fault,0.21305879939251027,0.029980013287568608
s06-a10-REROUTE-r01,s06,a10,REROUTE,pre-fault,0.031753097340785734,0.038659491185215715
s06-a10-REROUTE-r02,s06,a10,REROUTE,pre-fault,0.04732426797494209,0.03794525330898036
s06-a10-REROUTE-r03,s06,a10,REROUTE,pre-fault,0.031064777235349818,0.0298467409161569
s06-a10-REROUTE-r04,s06,a10,REROUTE,pre-fault,0.0437065297346148,0.0359923331209804
s06-a10-REROUTE-r05,s06,a10,REROUTE,pre-fault,0.03145920563921906,0.030410980171607843
s06-a10-THROTTLE-r01,s06,a10,THROTTLE,pre-fault,0.2850295857010529,0.3934955315517821
s06-a10-THROTTLE-r02,s06,a10,THROTTLE,pre-fault,0.3106317854051141,0.4085346274620072
s06-a10-THROTTLE-r03,s06,a10,THROTTLE,pre-fault,0.28485239649059974,0.3960246710067945
s06-a10-THROTTLE-r04,s06,a10,THROTTLE,pre-fault,0.28457522642444444,0.4009990689649673
s06-a10-THROTTLE-r05,s06,a10,THROTTLE,pre-fault,0.28484980317436687,0.4024950554767757
s06-a14-NO_OP-r01,s06,a14,NO_OP,spanning,0.1793040400730816,0.06358996478681002
s06-a14-NO_OP-r02,s06,a14,NO_OP,spanning,0.18095507579326264,0.07889114869494686
s06-a14-NO_OP-r03,s06,a14,NO_OP,spanning,0.1760651701723138,0.07810644853743412
s06-a14-NO_OP-r04,s06,a14,NO_OP,spanning,0.17427378825438875,0.06336201842859
s06-a14-NO_OP-r05,s06,a14,NO_OP,spanning,0.2012318220332386,0.07946704226378173
s06-a14-REROUTE-r01,s06,a14,REROUTE,spanning,0.03106379758158599,0.03558027151742857
s06-a14-REROUTE-r02,s06,a14,REROUTE,spanning,0.0419081017597895,0.04337627901555554
s06-a14-REROUTE-r03,s06,a14,REROUTE,spanning,0.03999468772769397,0.035492632313936505
s06-a14-REROUTE-r04,s06,a14,REROUTE,spanning,0.053784541275965506,0.049273368147809485
s06-a14-REROUTE-r05,s06,a14,REROUTE,spanning,0.030856557761701,0.03010054113130156
s06-a14-THROTTLE-r01,s06,a14,THROTTLE,spanning,0.24381145695731765,0.3242619423817143
s06-a14-THROTTLE-r02,s06,a14,THROTTLE,spanning,0.24244773681692128,0.33220202516963804
s06-a14-THROTTLE-r03,s06,a14,THROTTLE,spanning,0.2536056925946279,0.33193252266872375
s06-a14-THROTTLE-r04,s06,a14,THROTTLE,spanning,0.24222932534065533,0.32353865174979046
s06-a14-THROTTLE-r05,s06,a14,THROTTLE,spanning,0.2512039953540221,0.3295475838288381
s06-a18-NO_OP-r01,s06,a18,NO_OP,spanning,0.17727890290705123,0.1412350896460055
s06-a18-NO_OP-r02,s06,a18,NO_OP,spanning,0.15716869246749865,0.12742373141115698
s06-a18-NO_OP-r03,s06,a18,NO_OP,spanning,0.17252357223566128,0.13696161448435265
s06-a18-NO_OP-r04,s06,a18,NO_OP,spanning,0.15322840514326855,0.1271769342536088
s06-a18-NO_OP-r05,s06,a18,NO_OP,spanning,0.15431149725854065,0.13235461031793389
s06-a18-REROUTE-r01,s06,a18,REROUTE,spanning,0.0388912210130562,0.03802235378074666
s06-a18-REROUTE-r02,s06,a18,REROUTE,spanning,0.04545543209014527,0.04226139113583999
s06-a18-REROUTE-r03,s06,a18,REROUTE,spanning,0.04034343960804081,0.04518357511504003
s06-a18-REROUTE-r04,s06,a18,REROUTE,spanning,0.030717472638863225,0.032686780206186615
s06-a18-REROUTE-r05,s06,a18,REROUTE,spanning,0.03067963949895468,0.032740654687413356
s06-a18-THROTTLE-r01,s06,a18,THROTTLE,spanning,0.21733318671163881,0.283340473660031
s06-a18-THROTTLE-r02,s06,a18,THROTTLE,spanning,0.22619661854340312,0.2890782542146666
s06-a18-THROTTLE-r03,s06,a18,THROTTLE,spanning,0.21129497668249092,0.2781479003834109
s06-a18-THROTTLE-r04,s06,a18,THROTTLE,spanning,0.21126980117182292,0.2802021300126202
s06-a18-THROTTLE-r05,s06,a18,THROTTLE,spanning,0.22740571562329148,0.2906155517226357
s06-a22-NO_OP-r01,s06,a22,NO_OP,post-onset,0.2027470257576286,0.21180994233156458
s06-a22-NO_OP-r02,s06,a22,NO_OP,post-onset,0.19000477135907629,0.20607637538861495
s06-a22-NO_OP-r03,s06,a22,NO_OP,post-onset,0.203536835083006,0.21005266886606377
s06-a22-NO_OP-r04,s06,a22,NO_OP,post-onset,0.20340823245020961,0.21381313675253788
s06-a22-NO_OP-r05,s06,a22,NO_OP,post-onset,0.2030192100806398,0.21045692542773498
s06-a22-REROUTE-r01,s06,a22,REROUTE,post-onset,0.06500110661168812,0.07276922312737935
s06-a22-REROUTE-r02,s06,a22,REROUTE,post-onset,0.05291719991765029,0.06288581094560919
s06-a22-REROUTE-r03,s06,a22,REROUTE,post-onset,0.06227223032688993,0.06987296883691954
s06-a22-REROUTE-r04,s06,a22,REROUTE,post-onset,0.059018335603276906,0.06764499708211495
s06-a22-REROUTE-r05,s06,a22,REROUTE,post-onset,0.05766153926713799,0.07229523766850576
s06-a22-THROTTLE-r01,s06,a22,THROTTLE,post-onset,0.22073455455325242,0.2855595097160397
s06-a22-THROTTLE-r02,s06,a22,THROTTLE,post-onset,0.2137953262180184,0.27992573536062393
s06-a22-THROTTLE-r03,s06,a22,THROTTLE,post-onset,0.22519452484180025,0.28728079035832416
s06-a22-THROTTLE-r04,s06,a22,THROTTLE,post-onset,0.22217845194808294,0.2851776994056263
s06-a22-THROTTLE-r05,s06,a22,THROTTLE,post-onset,0.21308567656651178,0.2772241879682579
s06-a26-NO_OP-r01,s06,a26,NO_OP,post-onset,0.254051479071836,0.26530432252944997
s06-a26-NO_OP-r02,s06,a26,NO_OP,post-onset,0.2597334189332847,0.26889314690121596
s06-a26-NO_OP-r03,s06,a26,NO_OP,post-onset,0.2548527261552762,0.2666913612561088
s06-a26-NO_OP-r04,s06,a26,NO_OP,post-onset,0.25337179974025925,0.26484911447729204
s06-a26-NO_OP-r05,s06,a26,NO_OP,post-onset,0.26247215394295903,0.2701943235832195
s06-a26-REROUTE-r01,s06,a26,REROUTE,post-onset,0.11247384967839019,0.11878713996064644
s06-a26-REROUTE-r02,s06,a26,REROUTE,post-onset,0.11981316501437052,0.12544858304989898
s06-a26-REROUTE-r03,s06,a26,REROUTE,post-onset,0.11745627882644241,0.12738006562541418
s06-a26-REROUTE-r04,s06,a26,REROUTE,post-onset,0.10987930578787936,0.11958952178050503
s06-a26-REROUTE-r05,s06,a26,REROUTE,post-onset,0.11520841307439111,0.12529067439698988
s06-a26-THROTTLE-r01,s06,a26,THROTTLE,post-onset,0.2511828823405472,0.3144840716464839
s06-a26-THROTTLE-r02,s06,a26,THROTTLE,post-onset,0.2584816328169365,0.3210442177186133
s06-a26-THROTTLE-r03,s06,a26,THROTTLE,post-onset,0.2619292310316506,0.32319059827849195
s06-a26-THROTTLE-r04,s06,a26,THROTTLE,post-onset,0.2569563911196018,0.3207231500679034
s06-a26-THROTTLE-r05,s06,a26,THROTTLE,post-onset,0.25085245781461907,0.3134948612378737
s06-a30-NO_OP-r01,s06,a30,NO_OP,post-onset,0.3041325837008617,0.31203170257621937
s06-a30-NO_OP-r02,s06,a30,NO_OP,post-onset,0.3045807167198204,0.314150193783305
s06-a30-NO_OP-r03,s06,a30,NO_OP,post-onset,0.3071176980291427,0.3163488375848525
s06-a30-NO_OP-r04,s06,a30,NO_OP,post-onset,0.3094614454797908,0.3161502658773406
s06-a30-NO_OP-r05,s06,a30,NO_OP,post-onset,0.3075199569200913,0.316807284208662
s06-a30-REROUTE-r01,s06,a30,REROUTE,post-onset,0.20114958413419917,0.1941337418629009
s06-a30-REROUTE-r02,s06,a30,REROUTE,post-onset,0.1872177263067909,0.1797371982982883
s06-a30-REROUTE-r03,s06,a30,REROUTE,post-onset,0.18439471707297306,0.19477741170181984
s06-a30-REROUTE-r04,s06,a30,REROUTE,post-onset,0.18399560428695716,0.18104195008100907
s06-a30-REROUTE-r05,s06,a30,REROUTE,post-onset,0.1868554821557893,0.18427623336326127
s06-a30-THROTTLE-r01,s06,a30,THROTTLE,post-onset,0.31407823870635976,0.359225510071341
s06-a30-THROTTLE-r02,s06,a30,THROTTLE,post-onset,0.3129167699765928,0.35825037462815
s06-a30-THROTTLE-r03,s06,a30,THROTTLE,post-onset,0.3336346678915246,0.3762582845747403
s06-a30-THROTTLE-r04,s06,a30,THROTTLE,post-onset,0.30716191304879814,0.3541689417072959
s06-a30-THROTTLE-r05,s06,a30,THROTTLE,post-onset,0.32047372728966533,0.3660386914766307
s07-a02-NO_OP-r01,s07,a02,NO_OP,pre-fault,0.6061137132868,0.030113169608444387
s07-a02-NO_OP-r02,s07,a02,NO_OP,pre-fault,0.6060867251684,0.03018499437385181
s07-a02-NO_OP-r03,s07,a02,NO_OP,pre-fault,0.6829659573436,0.05671518521659262
s07-a02-NO_OP-r04,s07,a02,NO_OP,pre-fault,0.6045181181188,0.03007956053051853
s07-a02-NO_OP-r05,s07,a02,NO_OP,pre-fault,0.605401688222,0.030041409355185206
s07-a02-REROUTE-r01,s07,a02,REROUTE,pre-fault,0.06178733779699999,0.051907867084666715
s07-a02-REROUTE-r02,s07,a02,REROUTE,pre-fault,0.06096489354288889,0.029777082261259254
s07-a02-REROUTE-r03,s07,a02,REROUTE,pre-fault,0.06242587361144444,0.04603755209792593
s07-a02-REROUTE-r04,s07,a02,REROUTE,pre-fault,0.06168917057955556,0.029927514796370354
s07-a02-REROUTE-r05,s07,a02,REROUTE,pre-fault,0.06173816403777777,0.03002752381281485
s07-a02-THROTTLE-r01,s07,a02,THROTTLE,pre-fault,0.6068175251477333,0.7096272836923636
s07-a02-THROTTLE-r02,s07,a02,THROTTLE,pre-fault,0.6008291671325333,0.703603312749697
s07-a02-THROTTLE-r03,s07,a02,THROTTLE,pre-fault,0.6045813614381333,0.7090010734129697
s07-a02-THROTTLE-r04,s07,a02,THROTTLE,pre-fault,0.606103444378,0.7043778485075152
s07-a02-THROTTLE-r05,s07,a02,THROTTLE,pre-fault,0.6830503916131999,0.722426713869091
s07-a06-NO_OP-r01,s07,a06,NO_OP,spanning,0.2849857880289334,0.2492354172830431
s07-a06-NO_OP-r02,s07,a06,NO_OP,spanning,0.31791292824655243,0.24886873241373494
s07-a06-NO_OP-r03,s07,a06,NO_OP,spanning,0.2802794002037524,0.2393229937727721
s07-a06-NO_OP-r04,s07,a06,NO_OP,spanning,0.28707689231152383,0.2399475215740929
s07-a06-NO_OP-r05,s07,a06,NO_OP,spanning,0.2828968896681524,0.23989846136270923
s07-a06-REROUTE-r01,s07,a06,REROUTE,spanning,0.03424492798332081,0.030054753914000018
s07-a06-REROUTE-r02,s07,a06,REROUTE,spanning,0.03422092906540852,0.029724020542512816
s07-a06-REROUTE-r03,s07,a06,REROUTE,spanning,0.0673683581939549,0.04183909740405128
s07-a06-REROUTE-r04,s07,a06,REROUTE,spanning,0.07106738625420551,0.04308079668866667
s07-a06-REROUTE-r05,s07,a06,REROUTE,spanning,0.03393617444828821,0.03703795532066665
s07-a06-THROTTLE-r01,s07,a06,THROTTLE,spanning,0.3422541692620285,0.5119615381805129
s07-a06-THROTTLE-r02,s07,a06,THROTTLE,spanning,0.34489025323883804,0.5120751486058608
s07-a06-THROTTLE-r03,s07,a06,THROTTLE,spanning,0.34287578131351426,0.5124231602100366
s07-a06-THROTTLE-r04,s07,a06,THROTTLE,spanning,0.34182703032932377,0.511725880504249
s07-a06-THROTTLE-r05,s07,a06,THROTTLE,spanning,0.3422297877988952,0.5139534845083517
s07-a10-NO_OP-r01,s07,a10,NO_OP,spanning,0.2188083721753909,0.38048633017081
s07-a10-NO_OP-r02,s07,a10,NO_OP,spanning,0.2573599900697531,0.39556563696470587
s07-a10-NO_OP-r03,s07,a10,NO_OP,spanning,0.21356600386082308,0.37864726913184826
s07-a10-NO_OP-r04,s07,a10,NO_OP,spanning,0.23927723359962966,0.3893879004617133
s07-a10-NO_OP-r05,s07,a10,NO_OP,spanning,0.21404108225592594,0.3782194389278592
s07-a10-REROUTE-r01,s07,a10,REROUTE,spanning,0.031407391276152254,0.061220007139450965
s07-a10-REROUTE-r02,s07,a10,REROUTE,spanning,0.0429768011256029,0.05864785674784312
s07-a10-REROUTE-r03,s07,a10,REROUTE,spanning,0.05462613625101301,0.07042388055247058
s07-a10-REROUTE-r04,s07,a10,REROUTE,spanning,0.031868210641937046,0.05429157984921572
s07-a10-REROUTE-r05,s07,a10,REROUTE,spanning,0.03179277285333381,0.05868252638862746
s07-a10-THROTTLE-r01,s07,a10,THROTTLE,spanning,0.2848155800468948,0.4555694283001479
s07-a10-THROTTLE-r02,s07,a10,THROTTLE,spanning,0.2841426291519683,0.4547253031278528
s07-a10-THROTTLE-r03,s07,a10,THROTTLE,spanning,0.28506084593602765,0.45459138252402764
s07-a10-THROTTLE-r04,s07,a10,THROTTLE,spanning,0.28525272348852443,0.4566683388703118
s07-a10-THROTTLE-r05,s07,a10,THROTTLE,spanning,0.2847759866917084,0.4567264037663774
s07-a14-NO_OP-r01,s07,a14,NO_OP,post-onset,0.42797254524806044,0.4838429820885852
s07-a14-NO_OP-r02,s07,a14,NO_OP,post-onset,0.44856426475756345,0.5005441174099586
s07-a14-NO_OP-r03,s07,a14,NO_OP,post-onset,0.42239547662713905,0.4787290101312078
s07-a14-NO_OP-r04,s07,a14,NO_OP,post-onset,0.42317340409148085,0.4811173926492271
s07-a14-NO_OP-r05,s07,a14,NO_OP,post-onset,0.42165776076792943,0.47991415849106284
s07-a14-REROUTE-r01,s07,a14,REROUTE,post-onset,0.17398869341964024,0.20197849803301743
s07-a14-REROUTE-r02,s07,a14,REROUTE,post-onset,0.17287204999367664,0.20028065802914832
s07-a14-REROUTE-r03,s07,a14,REROUTE,post-onset,0.17417406865555693,0.20480136153572795
s07-a14-REROUTE-r04,s07,a14,REROUTE,post-onset,0.16422100108571153,0.20247171657439555
s07-a14-REROUTE-r05,s07,a14,REROUTE,post-onset,0.16322374759157768,0.19424556473516022
s07-a14-THROTTLE-r01,s07,a14,THROTTLE,post-onset,0.4857054649324181,0.5433137789608006
s07-a14-THROTTLE-r02,s07,a14,THROTTLE,post-onset,0.4960464467194824,0.550527101682457
s07-a14-THROTTLE-r03,s07,a14,THROTTLE,post-onset,0.48405532225277353,0.5381924001477572
s07-a14-THROTTLE-r04,s07,a14,THROTTLE,post-onset,0.484207815156679,0.5402422206819119
s07-a14-THROTTLE-r05,s07,a14,THROTTLE,post-onset,0.48635480275873333,0.5417652369700761
s07-a18-NO_OP-r01,s07,a18,NO_OP,post-onset,0.5036426333683954,0.5553566748551948
s07-a18-NO_OP-r02,s07,a18,NO_OP,post-onset,0.5089341541836909,0.5621435158504762
s07-a18-NO_OP-r03,s07,a18,NO_OP,post-onset,0.515523862233044,0.5646034478988745
s07-a18-NO_OP-r04,s07,a18,NO_OP,post-onset,0.5039558293231247,0.5582494809053246
s07-a18-NO_OP-r05,s07,a18,NO_OP,post-onset,0.5149377992074976,0.5697582734042426
s07-a18-REROUTE-r01,s07,a18,REROUTE,post-onset,0.29101766781728255,0.3161383472290177
s07-a18-REROUTE-r02,s07,a18,REROUTE,post-onset,0.2998172331126305,0.3144554500173214
s07-a18-REROUTE-r03,s07,a18,REROUTE,post-onset,0.2931521767286011,0.3092107535419048
s07-a18-REROUTE-r04,s07,a18,REROUTE,post-onset,0.2915912403019142,0.3088539678263988
s07-a18-REROUTE-r05,s07,a18,REROUTE,post-onset,0.29147011278899315,0.30891357670672615
s07-a18-THROTTLE-r01,s07,a18,THROTTLE,post-onset,0.56595895606957,0.6114759167203463
s07-a18-THROTTLE-r02,s07,a18,THROTTLE,post-onset,0.5685174078283003,0.6141688383493072
s07-a18-THROTTLE-r03,s07,a18,THROTTLE,post-onset,0.5604410230683681,0.6074178020614286
s07-a18-THROTTLE-r04,s07,a18,THROTTLE,post-onset,0.5610016448112145,0.6074240005306061
s07-a18-THROTTLE-r05,s07,a18,THROTTLE,post-onset,0.5706250484463782,0.6181948642644158
s07-a22-NO_OP-r01,s07,a22,NO_OP,post-onset,0.5677127152352902,0.6282991101696118
s07-a22-NO_OP-r02,s07,a22,NO_OP,post-onset,0.5649877266182499,0.6274831734915536
s07-a22-NO_OP-r03,s07,a22,NO_OP,post-onset,0.5684084718955768,0.6291465318330602
s07-a22-NO_OP-r04,s07,a22,NO_OP,post-onset,0.562924578459591,0.6238756759488477
s07-a22-NO_OP-r05,s07,a22,NO_OP,post-onset,0.5653651324729224,0.6287778583678281
s07-a22-REROUTE-r01,s07,a22,REROUTE,post-onset,0.3852068390097179,0.4088623187807768
s07-a22-REROUTE-r02,s07,a22,REROUTE,post-onset,0.38817074410240915,0.40371751394774147
s07-a22-REROUTE-r03,s07,a22,REROUTE,post-onset,0.3810630581719358,0.3989823045629646
s07-a22-REROUTE-r04,s07,a22,REROUTE,post-onset,0.38579720450502997,0.40064217141799224
s07-a22-REROUTE-r05,s07,a22,REROUTE,post-onset,0.3811248015585485,0.39929548734502013
s07-a22-THROTTLE-r01,s07,a22,THROTTLE,post-onset,0.6119788178052606,0.6701420578853524
s07-a22-THROTTLE-r02,s07,a22,THROTTLE,post-onset,0.6127446746229055,0.6696795407688817
s07-a22-THROTTLE-r03,s07,a22,THROTTLE,post-onset,0.616921973331851,0.6724445111674483
s07-a22-THROTTLE-r04,s07,a22,THROTTLE,post-onset,0.6162109910852165,0.6714741754519215
s07-a22-THROTTLE-r05,s07,a22,THROTTLE,post-onset,0.6179403556795955,0.6734727664752077
s07-a26-NO_OP-r01,s07,a26,NO_OP,post-onset,0.6169326525750062,0.6868097734966473
s07-a26-NO_OP-r02,s07,a26,NO_OP,post-onset,0.6167883932227832,0.6880098445532064
s07-a26-NO_OP-r03,s07,a26,NO_OP,post-onset,0.6176639719568193,0.6879274320628479
s07-a26-NO_OP-r04,s07,a26,NO_OP,post-onset,0.6165892522581333,0.6883426016773998
s07-a26-NO_OP-r05,s07,a26,NO_OP,post-onset,0.6158968600934682,0.6868519183097654
s07-a26-REROUTE-r01,s07,a26,REROUTE,post-onset,0.46419453319736237,0.48423432026544033
s07-a26-REROUTE-r02,s07,a26,REROUTE,post-onset,0.470854248540937,0.4826570852418725
s07-a26-REROUTE-r03,s07,a26,REROUTE,post-onset,0.4640562374972227,0.48295405510195083
s07-a26-REROUTE-r04,s07,a26,REROUTE,post-onset,0.4668313271864791,0.4829108156603362
s07-a26-REROUTE-r05,s07,a26,REROUTE,post-onset,0.4691600397456101,0.48324544076208314
s07-a26-THROTTLE-r01,s07,a26,THROTTLE,post-onset,0.6660730423088719,0.7294838460280516
s07-a26-THROTTLE-r02,s07,a26,THROTTLE,post-onset,0.6595672218696205,0.7256602662951028
s07-a26-THROTTLE-r03,s07,a26,THROTTLE,post-onset,0.6595580214284363,0.724352407219368
s07-a26-THROTTLE-r04,s07,a26,THROTTLE,post-onset,0.66047729989383,0.7251793374629523
s07-a26-THROTTLE-r05,s07,a26,THROTTLE,post-onset,0.672843860836506,0.7422163830834961
s07-a30-NO_OP-r01,s07,a30,NO_OP,post-onset,0.6702281860037597,0.7383783783783784
s07-a30-NO_OP-r02,s07,a30,NO_OP,post-onset,0.6677569116758776,0.7383783783783784
s07-a30-NO_OP-r03,s07,a30,NO_OP,post-onset,0.6674983935959283,0.7383783783783784
s07-a30-NO_OP-r04,s07,a30,NO_OP,post-onset,0.6659811728725343,0.7383783783783784
s07-a30-NO_OP-r05,s07,a30,NO_OP,post-onset,0.6727469637088984,0.7383783783783784
s07-a30-REROUTE-r01,s07,a30,REROUTE,post-onset,0.5365346660029788,0.5507113801750388
s07-a30-REROUTE-r02,s07,a30,REROUTE,post-onset,0.535945253479857,0.5514577255982273
s07-a30-REROUTE-r03,s07,a30,REROUTE,post-onset,0.5362028871690279,0.5531086267296714
s07-a30-REROUTE-r04,s07,a30,REROUTE,post-onset,0.5336077257636272,0.5496240860000661
s07-a30-REROUTE-r05,s07,a30,REROUTE,post-onset,0.5407479039407255,0.5584351882078094
s07-a30-THROTTLE-r01,s07,a30,THROTTLE,post-onset,0.7131330953385937,0.7783783783783784
s07-a30-THROTTLE-r02,s07,a30,THROTTLE,post-onset,0.7058875302872585,0.7735135135135136
s07-a30-THROTTLE-r03,s07,a30,THROTTLE,post-onset,0.7071177706888612,0.7735135135135136
s07-a30-THROTTLE-r04,s07,a30,THROTTLE,post-onset,0.7109428885573547,0.7778918918918919
s07-a30-THROTTLE-r05,s07,a30,THROTTLE,post-onset,0.7163449654666797,0.7804864864864866
s08-a02-NO_OP-r01,s08,a02,NO_OP,spanning,0.6060140124510667,0.06573667998090446
s08-a02-NO_OP-r02,s08,a02,NO_OP,spanning,0.6045170128385333,0.06576614441695088
s08-a02-NO_OP-r03,s08,a02,NO_OP,spanning,0.6068050989165333,0.06564864895012927
s08-a02-NO_OP-r04,s08,a02,NO_OP,spanning,0.6053325989221334,0.06562055524764858
s08-a02-NO_OP-r05,s08,a02,NO_OP,spanning,0.6038842522489333,0.08542688856795866
s08-a02-REROUTE-r01,s08,a02,REROUTE,spanning,0.060254566923777786,0.029984273438
s08-a02-REROUTE-r02,s08,a02,REROUTE,spanning,0.06015924524333333,0.030167919135555554
s08-a02-REROUTE-r03,s08,a02,REROUTE,spanning,0.06238518948011111,0.030214896741999953
s08-a02-REROUTE-r04,s08,a02,REROUTE,spanning,0.06246913628566667,0.030043317995629638
s08-a02-REROUTE-r05,s08,a02,REROUTE,spanning,0.061757224466777776,0.030166318417777754
s08-a02-THROTTLE-r01,s08,a02,THROTTLE,spanning,0.6060182842882667,0.7037071392023029
s08-a02-THROTTLE-r02,s08,a02,THROTTLE,spanning,0.6038841890801333,0.7040698504848484
s08-a02-THROTTLE-r03,s08,a02,THROTTLE,spanning,0.6039519543962666,0.7042330301705455
s08-a02-THROTTLE-r04,s08,a02,THROTTLE,spanning,0.60540564623,0.7094349908174544
s08-a02-THROTTLE-r05,s08,a02,THROTTLE,spanning,0.604553123658,0.7098790263313939
s08-a06-NO_OP-r01,s08,a06,NO_OP,spanning,0.3259010776563048,0.28046655446333335
s08-a06-NO_OP-r02,s08,a06,NO_OP,spanning,0.28500054934489527,0.26737571091235435
s08-a06-NO_OP-r03,s08,a06,NO_OP,spanning,0.2871411986658667,0.26477867048544523
s08-a06-NO_OP-r04,s08,a06,NO_OP,spanning,0.3216950869851239,0.2723443150003171
s08-a06-NO_OP-r05,s08,a06,NO_OP,spanning,0.28603332679841903,0.2673934810944149
s08-a06-REROUTE-r01,s08,a06,REROUTE,spanning,0.06061766292718046,0.039234180634512825
s08-a06-REROUTE-r02,s08,a06,REROUTE,spanning,0.034137774075629075,0.02983278480538462
s08-a06-REROUTE-r03,s08,a06,REROUTE,spanning,0.034000349979045115,0.05064726615225644
s08-a06-REROUTE-r04,s08,a06,REROUTE,spanning,0.05067580560407518,0.0358315872307692
s08-a06-REROUTE-r05,s08,a06,REROUTE,spanning,0.03416935143314286,0.029873510317538474
s08-a06-THROTTLE-r01,s08,a06,THROTTLE,spanning,0.34313505566962854,0.48615158601709046
s08-a06-THROTTLE-r02,s08,a06,THROTTLE,spanning,0.3666108885154571,0.5140052389324048
s08-a06-THROTTLE-r03,s08,a06,THROTTLE,spanning,0.3429713938617047,0.5076599904920486
s08-a06-THROTTLE-r04,s08,a06,THROTTLE,spanning,0.3428543708209809,0.5069983934248206
s08-a06-THROTTLE-r05,s08,a06,THROTTLE,spanning,0.34204549360203806,0.5076497189718002
s08-a10-NO_OP-r01,s08,a10,NO_OP,post-onset,0.31695684153327586,0.39116038373648226
s08-a10-NO_OP-r02,s08,a10,NO_OP,post-onset,0.33421637362918455,0.40023080939507466
s08-a10-NO_OP-r03,s08,a10,NO_OP,post-onset,0.32556219468271597,0.4014362263048786
s08-a10-NO_OP-r04,s08,a10,NO_OP,post-onset,0.31699860623547227,0.3899161793576266
s08-a10-NO_OP-r05,s08,a10,NO_OP,post-onset,0.31675227012091584,0.3890421501086714
s08-a10-REROUTE-r01,s08,a10,REROUTE,post-onset,0.06300566923790697,0.08587813215133336
s08-a10-REROUTE-r02,s08,a10,REROUTE,post-onset,0.06079345121661497,0.08486359629803919
s08-a10-REROUTE-r03,s08,a10,REROUTE,post-onset,0.040773980284147304,0.07546030133752943
s08-a10-REROUTE-r04,s08,a10,REROUTE,post-onset,0.06124211609596038,0.09103772978278431
s08-a10-REROUTE-r05,s08,a10,REROUTE,post-onset,0.04082402982158917,0.08268310474121568
s08-a10-THROTTLE-r01,s08,a10,THROTTLE,post-onset,0.3288198254029652,0.477238408401156
s08-a10-THROTTLE-r02,s08,a10,THROTTLE,post-onset,0.31161698550630723,0.4649978950344133
s08-a10-THROTTLE-r03,s08,a10,THROTTLE,post-onset,0.312944613140934,0.4683635533079456
s08-a10-THROTTLE-r04,s08,a10,THROTTLE,post-onset,0.3108184695864479,0.4650657926576471
s08-a10-THROTTLE-r05,s08,a10,THROTTLE,post-onset,0.3108466624717469,0.4697801731757068
s08-a14-NO_OP-r01,s08,a14,NO_OP,post-onset,0.4444269416385056,0.48413593218771556
s08-a14-NO_OP-r02,s08,a14,NO_OP,post-onset,0.4346342362751698,0.47637210697101867
s08-a14-NO_OP-r03,s08,a14,NO_OP,post-onset,0.4350132145212422,0.47691465289595536
s08-a14-NO_OP-r04,s08,a14,NO_OP,post-onset,0.44746177539504634,0.48774407771231465
s08-a14-NO_OP-r05,s08,a14,NO_OP,post-onset,0.4612692925062195,0.49840943072560573
s08-a14-REROUTE-r01,s08,a14,REROUTE,post-onset,0.20202498963303162,0.2004816181432064
s08-a14-REROUTE-r02,s08,a14,REROUTE,post-onset,0.20265725946550747,0.20586251372701583
s08-a14-REROUTE-r03,s08,a14,REROUTE,post-onset,0.20278313187369673,0.20267380118438091
s08-a14-REROUTE-r04,s08,a14,REROUTE,post-onset,0.20173024561990482,0.20051656184069838
s08-a14-REROUTE-r05,s08,a14,REROUTE,post-onset,0.21323335596455786,0.2086126069121904
s08-a14-THROTTLE-r01,s08,a14,THROTTLE,post-onset,0.48931500184261323,0.5395533779653165
s08-a14-THROTTLE-r02,s08,a14,THROTTLE,post-onset,0.4918036936506158,0.5422845305637132
s08-a14-THROTTLE-r03,s08,a14,THROTTLE,post-onset,0.5049716337287578,0.5473946464857987
s08-a14-THROTTLE-r04,s08,a14,THROTTLE,post-onset,0.4966380228638382,0.542479226193014
s08-a14-THROTTLE-r05,s08,a14,THROTTLE,post-onset,0.4885265669669222,0.5390312669357806
s08-a18-NO_OP-r01,s08,a18,NO_OP,post-onset,0.5075810220551906,0.5447528011319414
s08-a18-NO_OP-r02,s08,a18,NO_OP,post-onset,0.5124676181381271,0.5494204769546888
s08-a18-NO_OP-r03,s08,a18,NO_OP,post-onset,0.5132432616417509,0.5495788672947618
s08-a18-NO_OP-r04,s08,a18,NO_OP,post-onset,0.5077155815570437,0.5442134279330403
s08-a18-NO_OP-r05,s08,a18,NO_OP,post-onset,0.5121803286071476,0.5480017962160806
s08-a18-REROUTE-r01,s08,a18,REROUTE,post-onset,0.31925267088059284,0.30833113661272
s08-a18-REROUTE-r02,s08,a18,REROUTE,post-onset,0.3224564225596977,0.3054566382690934
s08-a18-REROUTE-r03,s08,a18,REROUTE,post-onset,0.32583223674527656,0.3038237136986933
s08-a18-REROUTE-r04,s08,a18,REROUTE,post-onset,0.31318214339673256,0.30066109564008003
s08-a18-REROUTE-r05,s08,a18,REROUTE,post-onset,0.31854333057920164,0.3038512378321867
s08-a18-THROTTLE-r01,s08,a18,THROTTLE,post-onset,0.5772459575226098,0.6074142111327839
s08-a18-THROTTLE-r02,s08,a18,THROTTLE,post-onset,0.5770743881785496,0.6084272590705495
s08-a18-THROTTLE-r03,s08,a18,THROTTLE,post-onset,0.5651322268653249,0.597644464619011
s08-a18-THROTTLE-r04,s08,a18,THROTTLE,post-onset,0.5688594620000921,0.6008189442104028
s08-a18-THROTTLE-r05,s08,a18,THROTTLE,post-onset,0.5630212119097803,0.5961001572573628
s08-a22-NO_OP-r01,s08,a22,NO_OP,post-onset,0.5647373284400362,0.6100193174328868
s08-a22-NO_OP-r02,s08,a22,NO_OP,post-onset,0.5567525937413269,0.602688039907362
s08-a22-NO_OP-r03,s08,a22,NO_OP,post-onset,0.557277454873556,0.6043635980661642
s08-a22-NO_OP-r04,s08,a22,NO_OP,post-onset,0.5586096445645529,0.6051807955204038
s08-a22-NO_OP-r05,s08,a22,NO_OP,post-onset,0.5563957683194166,0.6011116687571677
s08-a22-REROUTE-r01,s08,a22,REROUTE,post-onset,0.40915397578844226,0.3999324470799565
s08-a22-REROUTE-r02,s08,a22,REROUTE,post-onset,0.390527415609289,0.38844457709175156
s08-a22-REROUTE-r03,s08,a22,REROUTE,post-onset,0.38965557466077966,0.38793031208735546
s08-a22-REROUTE-r04,s08,a22,REROUTE,post-onset,0.3973831433752766,0.3901876215752106
s08-a22-REROUTE-r05,s08,a22,REROUTE,post-onset,0.3896667755509111,0.3892276348081442
s08-a22-THROTTLE-r01,s08,a22,THROTTLE,post-onset,0.6070797079426168,0.6516335496894041
s08-a22-THROTTLE-r02,s08,a22,THROTTLE,post-onset,0.6065559874003066,0.6486510065173976
s08-a22-THROTTLE-r03,s08,a22,THROTTLE,post-onset,0.6122532657628508,0.6498519061194687
s08-a22-THROTTLE-r04,s08,a22,THROTTLE,post-onset,0.6102805193753752,0.6495656312187579
s08-a22-THROTTLE-r05,s08,a22,THROTTLE,post-onset,0.6136098762426169,0.6529909730442729
s08-a26-NO_OP-r01,s08,a26,NO_OP,post-onset,0.6114176108076665,0.6593193411083875
s08-a26-NO_OP-r02,s08,a26,NO_OP,post-onset,0.6082077224251089,0.6614322227961185
s08-a26-NO_OP-r03,s08,a26,NO_OP,post-onset,0.6033768528447728,0.6551755367347856
s08-a26-NO_OP-r04,s08,a26,NO_OP,post-onset,0.6042618287926719,0.6558347742373938
s08-a26-NO_OP-r05,s08,a26,NO_OP,post-onset,0.6033001790527172,0.652377715595394
s08-a26-REROUTE-r01,s08,a26,REROUTE,post-onset,0.4666599093259068,0.45410138051329096
s08-a26-REROUTE-r02,s08,a26,REROUTE,post-onset,0.4725664906187299,0.4595429765946385
s08-a26-REROUTE-r03,s08,a26,REROUTE,post-onset,0.47493090259321774,0.46173635753350717
s08-a26-REROUTE-r04,s08,a26,REROUTE,post-onset,0.46616940288373476,0.4541597953900687
s08-a26-REROUTE-r05,s08,a26,REROUTE,post-onset,0.47935556760499964,0.46414921368179973
s08-a26-THROTTLE-r01,s08,a26,THROTTLE,post-onset,0.6493233548148545,0.6930832951268114
s08-a26-THROTTLE-r02,s08,a26,THROTTLE,post-onset,0.6475237057890477,0.6926219773154493
s08-a26-THROTTLE-r03,s08,a26,THROTTLE,post-onset,0.6546904613615987,0.7038270214365271
s08-a26-THROTTLE-r04,s08,a26,THROTTLE,post-onset,0.6553890173117538,0.7017421453931487
s08-a26-THROTTLE-r05,s08,a26,THROTTLE,post-onset,0.6478387043536522,0.6955024949824928
s08-a30-NO_OP-r01,s08,a30,NO_OP,post-onset,0.6549328516218523,0.7134309445551523
s08-a30-NO_OP-r02,s08,a30,NO_OP,post-onset,0.6455794054163116,0.7077889897962206
s08-a30-NO_OP-r03,s08,a30,NO_OP,post-onset,0.6576989057701895,0.70996084933384
s08-a30-NO_OP-r04,s08,a30,NO_OP,post-onset,0.6465995829956467,0.70648092434126
s08-a30-NO_OP-r05,s08,a30,NO_OP,post-onset,0.6449433768363517,0.7014349587302888
s08-a30-REROUTE-r01,s08,a30,REROUTE,post-onset,0.5298128899584742,0.517930187873237
s08-a30-REROUTE-r02,s08,a30,REROUTE,post-onset,0.5224857735053923,0.5149611208363029
s08-a30-REROUTE-r03,s08,a30,REROUTE,post-onset,0.5322221962439532,0.5191216556620644
s08-a30-REROUTE-r04,s08,a30,REROUTE,post-onset,0.5417644304399641,0.5340969433097474
s08-a30-REROUTE-r05,s08,a30,REROUTE,post-onset,0.5326626759983105,0.5270939391455526
s08-a30-THROTTLE-r01,s08,a30,THROTTLE,post-onset,0.6853972078677607,0.7397957959879699
s08-a30-THROTTLE-r02,s08,a30,THROTTLE,post-onset,0.7020460513555534,0.7570501017660097
s08-a30-THROTTLE-r03,s08,a30,THROTTLE,post-onset,0.6865294369961099,0.7394997745411458
s08-a30-THROTTLE-r04,s08,a30,THROTTLE,post-onset,0.6918752555591726,0.7477353123681757
s08-a30-THROTTLE-r05,s08,a30,THROTTLE,post-onset,0.683681054285648,0.7369471488410929
s09-a02-NO_OP-r01,s09,a02,NO_OP,pre-fault,0.6067806864798667,0.04922193537488888
s09-a02-NO_OP-r02,s09,a02,NO_OP,pre-fault,0.6060826829290666,0.030015717899333307
s09-a02-NO_OP-r03,s09,a02,NO_OP,pre-fault,0.6061143182866666,0.04819090266644449
s09-a02-NO_OP-r04,s09,a02,NO_OP,pre-fault,0.6061332478192,0.03005147095177781
s09-a02-NO_OP-r05,s09,a02,NO_OP,pre-fault,0.6053843874537334,0.04335209056466667
s09-a02-REROUTE-r01,s09,a02,REROUTE,pre-fault,0.21150545687866668,0.05258902627377779
s09-a02-REROUTE-r02,s09,a02,REROUTE,pre-fault,0.06173704743011111,0.04774137815140743
s09-a02-REROUTE-r03,s09,a02,REROUTE,pre-fault,0.059556727798666664,0.029995204589185184
s09-a02-REROUTE-r04,s09,a02,REROUTE,pre-fault,0.06090530919866667,0.029892039805037036
s09-a02-REROUTE-r05,s09,a02,REROUTE,pre-fault,0.06180260880188889,0.029967573326
s09-a02-THROTTLE-r01,s09,a02,THROTTLE,pre-fault,0.6061487384749333,0.7041006714968483
s09-a02-THROTTLE-r02,s09,a02,THROTTLE,pre-fault,0.6061335429301333,0.7013627875635151
s09-a02-THROTTLE-r03,s09,a02,THROTTLE,pre-fault,0.6061166572929333,0.7045635156889696
s09-a02-THROTTLE-r04,s09,a02,THROTTLE,pre-fault,0.6061806073081333,0.7042504445183031
s09-a02-THROTTLE-r05,s09,a02,THROTTLE,pre-fault,0.6059835652376,0.7045570000904242
s09-a06-NO_OP-r01,s09,a06,NO_OP,pre-fault,0.29602090842640005,0.030771374974102546
s09-a06-NO_OP-r02,s09,a06,NO_OP,pre-fault,0.32094191064203803,0.04141331780379481
s09-a06-NO_OP-r03,s09,a06,NO_OP,pre-fault,0.28661112536278094,0.03670836343717946
s09-a06-NO_OP-r04,s09,a06,NO_OP,pre-fault,0.3226345395455048,0.04162323539092307
s09-a06-NO_OP-r05,s09,a06,NO_OP,pre-fault,0.28291975008883813,0.030047251773692274
s09-a06-REROUTE-r01,s09,a06,REROUTE,pre-fault,0.0751214010384762,0.04446800837466666
s09-a06-REROUTE-r02,s09,a06,REROUTE,pre-fault,0.034053796225764404,0.04224392301271794
s09-a06-REROUTE-r03,s09,a06,REROUTE,pre-fault,0.03469070714802758,0.02986361306169232
s09-a06-REROUTE-r04,s09,a06,REROUTE,pre-fault,0.05673937743746366,0.037802557923999974
s09-a06-REROUTE-r05,s09,a06,REROUTE,pre-fault,0.03401939851557142,0.029880722199487165
s09-a06-THROTTLE-r01,s09,a06,THROTTLE,pre-fault,0.36417955825086656,0.5157832255924607
s09-a06-THROTTLE-r02,s09,a06,THROTTLE,pre-fault,0.3439224539217714,0.5108329748208206
s09-a06-THROTTLE-r03,s09,a06,THROTTLE,pre-fault,0.3728238235331428,0.5179079371517658
s09-a06-THROTTLE-r04,s09,a06,THROTTLE,pre-fault,0.3746184495915333,0.5228840248763293
s09-a06-THROTTLE-r05,s09,a06,THROTTLE,pre-fault,0.3735072409810761,0.5303182164143428
s09-a10-NO_OP-r01,s09,a10,NO_OP,pre-fault,0.21157975090576128,0.03006738923149016
s09-a10-NO_OP-r02,s09,a10,NO_OP,pre-fault,0.20903420762699587,0.039640063799764744
s09-a10-NO_OP-r03,s09,a10,NO_OP,pre-fault,0.21478702069510286,0.04056771989850979
s09-a10-NO_OP-r04,s09,a10,NO_OP,pre-fault,0.2103244150059671,0.03025810642537253
s09-a10-NO_OP-r05,s09,a10,NO_OP,pre-fault,0.21755494201930042,0.03742873623403925
s09-a10-REROUTE-r01,s09,a10,REROUTE,pre-fault,0.03128032601529812,0.029920006372117666
s09-a10-REROUTE-r02,s09,a10,REROUTE,pre-fault,0.05692826900018949,0.042729133776705855
s09-a10-REROUTE-r03,s09,a10,REROUTE,pre-fault,0.06104389678740979,0.04477119563168626
s09-a10-REROUTE-r04,s09,a10,REROUTE,pre-fault,0.05047798176129774,0.03969153398819607
s09-a10-REROUTE-r05,s09,a10,REROUTE,pre-fault,0.03168197523430999,0.03691301482784316
s09-a10-THROTTLE-r01,s09,a10,THROTTLE,pre-fault,0.3107352583177566,0.4088220714800087
s09-a10-THROTTLE-r02,s09,a10,THROTTLE,pre-fault,0.3026601550544545,0.4022479292108343
s09-a10-THROTTLE-r03,s09,a10,THROTTLE,pre-fault,0.2845469384179247,0.4021738337225272
s09-a10-THROTTLE-r04,s09,a10,THROTTLE,pre-fault,0.28448283486926224,0.393136330357313
s09-a10-THROTTLE-r05,s09,a10,THROTTLE,pre-fault,0.2857770926522769,0.40216292570158896
s09-a14-NO_OP-r01,s09,a14,NO_OP,spanning,0.18929805103705324,0.040143095083640945
s09-a14-NO_OP-r02,s09,a14,NO_OP,spanning,0.1782717383676758,0.04042898262585094
s09-a14-NO_OP-r03,s09,a14,NO_OP,spanning,0.18577124801725087,0.034398338939412215
s09-a14-NO_OP-r04,s09,a14,NO_OP,spanning,0.17679040962344378,0.052052675885035316
s09-a14-NO_OP-r05,s09,a14,NO_OP,spanning,0.17649425911299546,0.04051320066633396
s09-a14-REROUTE-r01,s09,a14,REROUTE,spanning,0.030637842549014076,0.02995815894739681
s09-a14-REROUTE-r02,s09,a14,REROUTE,spanning,0.04170673890719599,0.03653473396844446
s09-a14-REROUTE-r03,s09,a14,REROUTE,spanning,0.0499396991372425,0.0414088003273016
s09-a14-REROUTE-r04,s09,a14,REROUTE,spanning,0.041296870036852715,0.03639570570076187
s09-a14-REROUTE-r05,s09,a14,REROUTE,spanning,0.03066229648288945,0.036193034037587314
s09-a14-THROTTLE-r01,s09,a14,THROTTLE,spanning,0.2432774970319272,0.3239990739596952
s09-a14-THROTTLE-r02,s09,a14,THROTTLE,spanning,0.24205842100958408,0.32381042372510477
s09-a14-THROTTLE-r03,s09,a14,THROTTLE,spanning,0.25143970789014153,0.34073561584411427
s09-a14-THROTTLE-r04,s09,a14,THROTTLE,spanning,0.2568611466261485,0.3337110128298667
s09-a14-THROTTLE-r05,s09,a14,THROTTLE,spanning,0.24382436621914383,0.3248570854785143
s09-a18-NO_OP-r01,s09,a18,NO_OP,spanning,0.16516129650706277,0.07813891575028573
s09-a18-NO_OP-r02,s09,a18,NO_OP,spanning,0.15519659035211814,0.07174240538163261
s09-a18-NO_OP-r03,s09,a18,NO_OP,spanning,0.1742434754174871,0.0811716480546939
s09-a18-NO_OP-r04,s09,a18,NO_OP,spanning,0.16313535821860098,0.07979322628835375
s09-a18-NO_OP-r05,s09,a18,NO_OP,spanning,0.15202881426623505,0.07150350866906124
s09-a18-REROUTE-r01,s09,a18,REROUTE,spanning,0.04343351369781441,0.03847715634325332
s09-a18-REROUTE-r02,s09,a18,REROUTE,spanning,0.037058359237236875,0.03421943789309332
s09-a18-REROUTE-r03,s09,a18,REROUTE,spanning,0.04340186634738276,0.038453353660693315
s09-a18-REROUTE-r04,s09,a18,REROUTE,spanning,0.031267345744944434,0.030448076779920032
s09-a18-REROUTE-r05,s09,a18,REROUTE,spanning,0.0413210489273871,0.037021465676826695
s09-a18-THROTTLE-r01,s09,a18,THROTTLE,spanning,0.21857484159556384,0.281394019492279
s09-a18-THROTTLE-r02,s09,a18,THROTTLE,spanning,0.2183760675019838,0.28165172326117827
s09-a18-THROTTLE-r03,s09,a18,THROTTLE,spanning,0.21153851793436668,0.2765692725866977
s09-a18-THROTTLE-r04,s09,a18,THROTTLE,spanning,0.21732952558712537,0.28002308721203095
s09-a18-THROTTLE-r05,s09,a18,THROTTLE,spanning,0.22489687304642852,0.2877801856329923
s09-a22-NO_OP-r01,s09,a22,NO_OP,post-onset,0.15727148122138895,0.14327114084671327
s09-a22-NO_OP-r02,s09,a22,NO_OP,post-onset,0.15451908849783336,0.13701561786272426
s09-a22-NO_OP-r03,s09,a22,NO_OP,post-onset,0.15733467690267613,0.1447474777677777
s09-a22-NO_OP-r04,s09,a22,NO_OP,post-onset,0.16329013323057437,0.14210246082907357
s09-a22-NO_OP-r05,s09,a22,NO_OP,post-onset,0.15659316013170682,0.13927682282437848
s09-a22-REROUTE-r01,s09,a22,REROUTE,post-onset,0.03691684492473782,0.04817252673222985
s09-a22-REROUTE-r02,s09,a22,REROUTE,post-onset,0.03224869886074578,0.03704199865662066
s09-a22-REROUTE-r03,s09,a22,REROUTE,post-onset,0.044789258648882405,0.05294245714340231
s09-a22-REROUTE-r04,s09,a22,REROUTE,post-onset,0.043333241895235755,0.05058436668055174
s09-a22-REROUTE-r05,s09,a22,REROUTE,post-onset,0.04665523664866243,0.05212526735273565
s09-a22-THROTTLE-r01,s09,a22,THROTTLE,post-onset,0.1986033722386592,0.255288302960018
s09-a22-THROTTLE-r02,s09,a22,THROTTLE,post-onset,0.20344474280122093,0.2559533832544728
s09-a22-THROTTLE-r03,s09,a22,THROTTLE,post-onset,0.19080076380134814,0.24898395673209373
s09-a22-THROTTLE-r04,s09,a22,THROTTLE,post-onset,0.1967297125255001,0.25307346090301197
s09-a22-THROTTLE-r05,s09,a22,THROTTLE,post-onset,0.19059313546091716,0.24893627500668203
s09-a26-NO_OP-r01,s09,a26,NO_OP,post-onset,0.18855170718412798,0.2096254206561933
s09-a26-NO_OP-r02,s09,a26,NO_OP,post-onset,0.19357499835718775,0.20713408934659402
s09-a26-NO_OP-r03,s09,a26,NO_OP,post-onset,0.19327149492783996,0.20566461576422335
s09-a26-NO_OP-r04,s09,a26,NO_OP,post-onset,0.20776662748837454,0.22390844487158398
s09-a26-NO_OP-r05,s09,a26,NO_OP,post-onset,0.18890199565873234,0.2063255876354727
s09-a26-REROUTE-r01,s09,a26,REROUTE,post-onset,0.06060404516277093,0.07047501570272735
s09-a26-REROUTE-r02,s09,a26,REROUTE,post-onset,0.06112767454759066,0.07502918658602019
s09-a26-REROUTE-r03,s09,a26,REROUTE,post-onset,0.0830298964119538,0.08798023146949492
s09-a26-REROUTE-r04,s09,a26,REROUTE,post-onset,0.06478149742769809,0.07382991569062623
s09-a26-REROUTE-r05,s09,a26,REROUTE,post-onset,0.07367083519300396,0.08856452260474747
s09-a26-THROTTLE-r01,s09,a26,THROTTLE,post-onset,0.20245504128758335,0.261979090861473
s09-a26-THROTTLE-r02,s09,a26,THROTTLE,post-onset,0.21207289339076324,0.26822458818842126
s09-a26-THROTTLE-r03,s09,a26,THROTTLE,post-onset,0.21295317181862328,0.2700546003143112
s09-a26-THROTTLE-r04,s09,a26,THROTTLE,post-onset,0.2028206040071302,0.26255859024978934
s09-a26-THROTTLE-r05,s09,a26,THROTTLE,post-onset,0.21540379590357522,0.2720303767222435
s09-a30-NO_OP-r01,s09,a30,NO_OP,post-onset,0.2509632008520044,0.2612314439152868
s09-a30-NO_OP-r02,s09,a30,NO_OP,post-onset,0.26071092327073664,0.2694127992662471
s09-a30-NO_OP-r03,s09,a30,NO_OP,post-onset,0.25037245875925085,0.26141197981887554
s09-a30-NO_OP-r04,s09,a30,NO_OP,post-onset,0.2543443803628577,0.2627642869118077
s09-a30-NO_OP-r05,s09,a30,NO_OP,post-onset,0.2541549848346873,0.2641129358132992
s09-a30-REROUTE-r01,s09,a30,REROUTE,post-onset,0.12244327298174998,0.13233456869668467
s09-a30-REROUTE-r02,s09,a30,REROUTE,post-onset,0.12768313570272966,0.13668072563180175
s09-a30-REROUTE-r03,s09,a30,REROUTE,post-onset,0.13537064837472168,0.1408453939240901
s09-a30-REROUTE-r04,s09,a30,REROUTE,post-onset,0.1186650131593236,0.12560637949470274
s09-a30-REROUTE-r05,s09,a30,REROUTE,post-onset,0.1219202458053906,0.13269857407430635
s09-a30-THROTTLE-r01,s09,a30,THROTTLE,post-onset,0.2510001877483875,0.3048656246780219
s09-a30-THROTTLE-r02,s09,a30,THROTTLE,post-onset,0.2503007444407854,0.30393250687779716
s09-a30-THROTTLE-r03,s09,a30,THROTTLE,post-onset,0.2508401710679853,0.3064626632823682
s09-a30-THROTTLE-r04,s09,a30,THROTTLE,post-onset,0.24549553183503742,0.3030458808486175
s09-a30-THROTTLE-r05,s09,a30,THROTTLE,post-onset,0.24939265490085893,0.3034915749317166
s10-a02-NO_OP-r01,s10,a02,NO_OP,pre-fault,0.606767863068,0.04702965901851852
s10-a02-NO_OP-r02,s10,a02,NO_OP,pre-fault,0.6045647860450667,0.029557979623703712
s10-a02-NO_OP-r03,s10,a02,NO_OP,pre-fault,0.6061189002773333,0.05590250305014814
s10-a02-NO_OP-r04,s10,a02,NO_OP,pre-fault,0.6829696946352,0.055935559340666643
s10-a02-NO_OP-r05,s10,a02,NO_OP,pre-fault,0.6038981244693333,0.029730883818296295
s10-a02-REROUTE-r01,s10,a02,REROUTE,pre-fault,0.06102325480633333,0.03013401306177779
s10-a02-REROUTE-r02,s10,a02,REROUTE,pre-fault,0.06167286450833333,0.030010749908074053
s10-a02-REROUTE-r03,s10,a02,REROUTE,pre-fault,0.06240227605566667,0.04968949413311112
s10-a02-REROUTE-r04,s10,a02,REROUTE,pre-fault,0.2385362675391111,0.05748450138229628
s10-a02-REROUTE-r05,s10,a02,REROUTE,pre-fault,0.06017401474522222,0.029733135385185173
s10-a02-THROTTLE-r01,s10,a02,THROTTLE,pre-fault,0.6061455475581333,0.7037946169590303
s10-a02-THROTTLE-r02,s10,a02,THROTTLE,pre-fault,0.6771666814601334,0.7207318103563636
s10-a02-THROTTLE-r03,s10,a02,THROTTLE,pre-fault,0.6067658738546667,0.703861386627394
s10-a02-THROTTLE-r04,s10,a02,THROTTLE,pre-fault,0.604631248912,0.7091801014618182
s10-a02-THROTTLE-r05,s10,a02,THROTTLE,pre-fault,0.6771660654788,0.7155221714831514
s10-a06-NO_OP-r01,s10,a06,NO_OP,pre-fault,0.28553290352744765,0.030236134320307712
s10-a06-NO_OP-r02,s10,a06,NO_OP,pre-fault,0.2865793708087619,0.03028166211292309
s10-a06-NO_OP-r03,s10,a06,NO_OP,pre-fault,0.2881560318854858,0.030087645114564056
s10-a06-NO_OP-r04,s10,a06,NO_OP,pre-fault,0.27763364862758094,0.037869782778923056
s10-a06-NO_OP-r05,s10,a06,NO_OP,pre-fault,0.2813527617559619,0.030642718476307673
s10-a06-REROUTE-r01,s10,a06,REROUTE,pre-fault,0.03404264249469673,0.029937593901282058
s10-a06-REROUTE-r02,s10,a06,REROUTE,pre-fault,0.03412338796305263,0.030085712612923077
s10-a06-REROUTE-r03,s10,a06,REROUTE,pre-fault,0.03431499976828822,0.043431673183025626
s10-a06-REROUTE-r04,s10,a06,REROUTE,pre-fault,0.03401632194343108,0.03756453352107693
s10-a06-REROUTE-r05,s10,a06,REROUTE,pre-fault,0.03398220386562407,0.030234522233948707
s10-a06-THROTTLE-r01,s10,a06,THROTTLE,pre-fault,0.34368290862412376,0.5076845677803995
s10-a06-THROTTLE-r02,s10,a06,THROTTLE,pre-fault,0.3764689425850285,0.5217686798078973
s10-a06-THROTTLE-r03,s10,a06,THROTTLE,pre-fault,0.3428742567136476,0.5089443578736627
s10-a06-THROTTLE-r04,s10,a06,THROTTLE,pre-fault,0.34366108534759043,0.5097747059267854
s10-a06-THROTTLE-r05,s10,a06,THROTTLE,pre-fault,0.3624676954730761,0.5150370612639028
s10-a10-NO_OP-r01,s10,a10,NO_OP,spanning,0.2183569195553086,0.14573138505374614
s10-a10-NO_OP-r02,s10,a10,NO_OP,spanning,0.21155849378938274,0.1527597299758308
s10-a10-NO_OP-r03,s10,a10,NO_OP,spanning,0.2107914609720576,0.14576548730927247
s10-a10-NO_OP-r04,s10,a10,NO_OP,spanning,0.2188036118314403,0.15262483641361452
s10-a10-NO_OP-r05,s10,a10,NO_OP,spanning,0.2333626276908642,0.1521155784875361
s10-a10-REROUTE-r01,s10,a10,REROUTE,spanning,0.03130321537355632,0.030510714877882372
s10-a10-REROUTE-r02,s10,a10,REROUTE,spanning,0.04786897384678774,0.04509582808337257
s10-a10-REROUTE-r03,s10,a10,REROUTE,spanning,0.03159872872976985,0.03006355573082354
s10-a10-REROUTE-r04,s10,a10,REROUTE,spanning,0.03173771498666188,0.030253273204705874
s10-a10-REROUTE-r05,s10,a10,REROUTE,spanning,0.03164236753485021,0.030522878219137253
s10-a10-THROTTLE-r01,s10,a10,THROTTLE,spanning,0.2849584151316338,0.3960217995061883
s10-a10-THROTTLE-r02,s10,a10,THROTTLE,spanning,0.30369647805264965,0.4072084331480778
s10-a10-THROTTLE-r03,s10,a10,THROTTLE,spanning,0.2844531046510559,0.3955426669484105
s10-a10-THROTTLE-r04,s10,a10,THROTTLE,spanning,0.32100937928309287,0.4232999156225045
s10-a10-THROTTLE-r05,s10,a10,THROTTLE,spanning,0.3007404675547596,0.4052467485627391
s10-a14-NO_OP-r01,s10,a14,NO_OP,spanning,0.21300887012375005,0.2883681461407144
s10-a14-NO_OP-r02,s10,a14,NO_OP,spanning,0.18932011538515978,0.2830340419631349
s10-a14-NO_OP-r03,s10,a14,NO_OP,spanning,0.18125621537314682,0.27365511957107136
s10-a14-NO_OP-r04,s10,a14,NO_OP,spanning,0.17680211326165823,0.2726207108442857
s10-a14-NO_OP-r05,s10,a14,NO_OP,spanning,0.17530900703968266,0.2716485247754762
s10-a14-REROUTE-r01,s10,a14,REROUTE,spanning,0.03112729202762739,0.030259927408412737
s10-a14-REROUTE-r02,s10,a14,REROUTE,spanning,0.030565844111974744,0.030099265680571453
s10-a14-REROUTE-r03,s10,a14,REROUTE,spanning,0.03054674368577283,0.034833980453079366
s10-a14-REROUTE-r04,s10,a14,REROUTE,spanning,0.031019412996490393,0.03015554319187301
s10-a14-REROUTE-r05,s10,a14,REROUTE,spanning,0.03153365759058346,0.030416123978126975
s10-a14-THROTTLE-r01,s10,a14,THROTTLE,spanning,0.24204562458100193,0.33334573743706347
s10-a14-THROTTLE-r02,s10,a14,THROTTLE,spanning,0.2419244349761709,0.33397627501861105
s10-a14-THROTTLE-r03,s10,a14,THROTTLE,spanning,0.24236439056974274,0.33344381326055555
s10-a14-THROTTLE-r04,s10,a14,THROTTLE,spanning,0.24218988082806375,0.3331739787991667
s10-a14-THROTTLE-r05,s10,a14,THROTTLE,spanning,0.2716827786597607,0.3531116432484921
s10-a18-NO_OP-r01,s10,a18,NO_OP,post-onset,0.32311226277785055,0.3703634659963406
s10-a18-NO_OP-r02,s10,a18,NO_OP,post-onset,0.3241249487957186,0.37112517846670295
s10-a18-NO_OP-r03,s10,a18,NO_OP,post-onset,0.31878717840371873,0.36661664778076086
s10-a18-NO_OP-r04,s10,a18,NO_OP,post-onset,0.3187778055060394,0.3664146946880072
s10-a18-NO_OP-r05,s10,a18,NO_OP,post-onset,0.32444531678284494,0.37127868415478266
s10-a18-REROUTE-r01,s10,a18,REROUTE,post-onset,0.10047283821547806,0.1340560040576534
s10-a18-REROUTE-r02,s10,a18,REROUTE,post-onset,0.11011849276741421,0.14089125458058666
s10-a18-REROUTE-r03,s10,a18,REROUTE,post-onset,0.10203166455598446,0.1344748386458933
s10-a18-REROUTE-r04,s10,a18,REROUTE,post-onset,0.1010152648828194,0.13478082766407998
s10-a18-REROUTE-r05,s10,a18,REROUTE,post-onset,0.10113303889737943,0.13469540331909333
s10-a18-THROTTLE-r01,s10,a18,THROTTLE,post-onset,0.34710068370640396,0.42328594814123194
s10-a18-THROTTLE-r02,s10,a18,THROTTLE,post-onset,0.3402980919680206,0.4185614001722826
s10-a18-THROTTLE-r03,s10,a18,THROTTLE,post-onset,0.35082837895103336,0.4263160650973913
s10-a18-THROTTLE-r04,s10,a18,THROTTLE,post-onset,0.36067612768504864,0.4358699218927174
s10-a18-THROTTLE-r05,s10,a18,THROTTLE,post-onset,0.3497413545542508,0.4253935703387319
s10-a22-NO_OP-r01,s10,a22,NO_OP,post-onset,0.39891556474069045,0.44653704868028277
s10-a22-NO_OP-r02,s10,a22,NO_OP,post-onset,0.40473391289562966,0.4541790260137989
s10-a22-NO_OP-r03,s10,a22,NO_OP,post-onset,0.40002818226617987,0.4469299462671161
s10-a22-NO_OP-r04,s10,a22,NO_OP,post-onset,0.39848564522556085,0.44443179644581615
s10-a22-NO_OP-r05,s10,a22,NO_OP,post-onset,0.40005714972412165,0.4469868918531827
s10-a22-REROUTE-r01,s10,a22,REROUTE,post-onset,0.20445976482272726,0.23832503153412685
s10-a22-REROUTE-r02,s10,a22,REROUTE,post-onset,0.20466129039189354,0.2389497126675343
s10-a22-REROUTE-r03,s10,a22,REROUTE,post-onset,0.20881785943574865,0.2519040272276918
s10-a22-REROUTE-r04,s10,a22,REROUTE,post-onset,0.21928014280608008,0.2514522430164291
s10-a22-REROUTE-r05,s10,a22,REROUTE,post-onset,0.21030160310430177,0.24262427768666328
s10-a22-THROTTLE-r01,s10,a22,THROTTLE,post-onset,0.4611729598853651,0.5011280959636806
s10-a22-THROTTLE-r02,s10,a22,THROTTLE,post-onset,0.4540958499755847,0.4935425854064138
s10-a22-THROTTLE-r03,s10,a22,THROTTLE,post-onset,0.46017756977203184,0.4995056147152839
s10-a22-THROTTLE-r04,s10,a22,THROTTLE,post-onset,0.44748929599739684,0.4894430250118127
s10-a22-THROTTLE-r05,s10,a22,THROTTLE,post-onset,0.452645774918373,0.4958956333951321
s10-a26-NO_OP-r01,s10,a26,NO_OP,post-onset,0.46205634636496384,0.5137849639472335
s10-a26-NO_OP-r02,s10,a26,NO_OP,post-onset,0.46151221093409645,0.5144417744239309
s10-a26-NO_OP-r03,s10,a26,NO_OP,post-onset,0.47113522733641533,0.5232209913408025
s10-a26-NO_OP-r04,s10,a26,NO_OP,post-onset,0.46198948282021535,0.5120170658923568
s10-a26-NO_OP-r05,s10,a26,NO_OP,post-onset,0.4617713346340836,0.5118024863586532
s10-a26-REROUTE-r01,s10,a26,REROUTE,post-onset,0.3108065810257455,0.3356838093454079
s10-a26-REROUTE-r02,s10,a26,REROUTE,post-onset,0.2995048718805884,0.32761687104822845
s10-a26-REROUTE-r03,s10,a26,REROUTE,post-onset,0.29514038815491267,0.3242199025820978
s10-a26-REROUTE-r04,s10,a26,REROUTE,post-onset,0.3064338854095231,0.33310876102962717
s10-a26-REROUTE-r05,s10,a26,REROUTE,post-onset,0.3049255102380439,0.3390030577611655
s10-a26-THROTTLE-r01,s10,a26,THROTTLE,post-onset,0.5050527044776109,0.5511410287992901
s10-a26-THROTTLE-r02,s10,a26,THROTTLE,post-onset,0.5053559135701471,0.5516595314021913
s10-a26-THROTTLE-r03,s10,a26,THROTTLE,post-onset,0.5120791702556886,0.5589785813344642
s10-a26-THROTTLE-r04,s10,a26,THROTTLE,post-onset,0.5119781938293202,0.5584930886101935
s10-a26-THROTTLE-r05,s10,a26,THROTTLE,post-onset,0.513539386324237,0.5607822047363579
s10-a30-NO_OP-r01,s10,a30,NO_OP,post-onset,0.5209971125904757,0.5834977482085772
s10-a30-NO_OP-r02,s10,a30,NO_OP,post-onset,0.5230866042640877,0.5810575689377827
s10-a30-NO_OP-r03,s10,a30,NO_OP,post-onset,0.519951434311094,0.58131484837565
s10-a30-NO_OP-r04,s10,a30,NO_OP,post-onset,0.5136052033492258,0.5738633243457075
s10-a30-NO_OP-r05,s10,a30,NO_OP,post-onset,0.5160875554618568,0.5782638588921729
s10-a30-REROUTE-r01,s10,a30,REROUTE,post-onset,0.3702731523026928,0.40490430412850487
s10-a30-REROUTE-r02,s10,a30,REROUTE,post-onset,0.3696558218900905,0.4012350081140785
s10-a30-REROUTE-r03,s10,a30,REROUTE,post-onset,0.38002621250057,0.4054264284745761
s10-a30-REROUTE-r04,s10,a30,REROUTE,post-onset,0.36930566490407113,0.40312560415761467
s10-a30-REROUTE-r05,s10,a30,REROUTE,post-onset,0.3689215607935422,0.3990637615016504
s10-a30-THROTTLE-r01,s10,a30,THROTTLE,post-onset,0.5563920459907554,0.6112526777922196
s10-a30-THROTTLE-r02,s10,a30,THROTTLE,post-onset,0.5576381601734517,0.6130698982774548
s10-a30-THROTTLE-r03,s10,a30,THROTTLE,post-onset,0.5602525012109211,0.617008711923661
s10-a30-THROTTLE-r04,s10,a30,THROTTLE,post-onset,0.5616265619217164,0.6150209384866551
s10-a30-THROTTLE-r05,s10,a30,THROTTLE,post-onset,0.5527136678961944,0.6106844958599806
s11-a02-NO_OP-r01,s11,a02,NO_OP,pre-fault,0.6054317129576,0.04895319380711114
s11-a02-NO_OP-r02,s11,a02,NO_OP,pre-fault,0.6044855538182666,0.02955333314081479
s11-a02-NO_OP-r03,s11,a02,NO_OP,pre-fault,0.6067486370874666,0.040792630693703674
s11-a02-NO_OP-r04,s11,a02,NO_OP,pre-fault,0.6045181309209333,0.029949140304740746
s11-a02-NO_OP-r05,s11,a02,NO_OP,pre-fault,0.6054019180824001,0.029995207402740778
s11-a02-REROUTE-r01,s11,a02,REROUTE,pre-fault,0.06018957869566667,0.029755063697925944
s11-a02-REROUTE-r02,s11,a02,REROUTE,pre-fault,0.06023856897911112,0.030008103841851833
s11-a02-REROUTE-r03,s11,a02,REROUTE,pre-fault,0.06167384908188889,0.029945669690444474
s11-a02-REROUTE-r04,s11,a02,REROUTE,pre-fault,0.06178746395222222,0.030222270740000015
s11-a02-REROUTE-r05,s11,a02,REROUTE,pre-fault,0.05954295252844445,0.030220719038370366
s11-a02-THROTTLE-r01,s11,a02,THROTTLE,pre-fault,0.6053499231558668,0.7044355978610908
s11-a02-THROTTLE-r02,s11,a02,THROTTLE,pre-fault,0.6068274602688,0.7044779242294545
s11-a02-THROTTLE-r03,s11,a02,THROTTLE,pre-fault,0.6067842741346667,0.7043246773876364
s11-a02-THROTTLE-r04,s11,a02,THROTTLE,pre-fault,0.6060656812995999,0.7047582568298181
s11-a02-THROTTLE-r05,s11,a02,THROTTLE,pre-fault,0.6068805696244001,0.7044080980653333
s11-a06-NO_OP-r01,s11,a06,NO_OP,spanning,0.32093615112870477,0.18796810285725782
s11-a06-NO_OP-r02,s11,a06,NO_OP,spanning,0.2839282487648762,0.16403752644823988
s11-a06-NO_OP-r03,s11,a06,NO_OP,spanning,0.2834261915178858,0.15396354773604518
s11-a06-NO_OP-r04,s11,a06,NO_OP,spanning,0.3246228839796,0.17014483791221213
s11-a06-NO_OP-r05,s11,a06,NO_OP,spanning,0.28130177671559997,0.15311888688000003
s11-a06-REROUTE-r01,s11,a06,REROUTE,spanning,0.03375563490241855,0.029912985728666675
s11-a06-REROUTE-r02,s11,a06,REROUTE,spanning,0.03438268411706767,0.03812088439938462
s11-a06-REROUTE-r03,s11,a06,REROUTE,spanning,0.06981479852302006,0.04280313907456411
s11-a06-REROUTE-r04,s11,a06,REROUTE,spanning,0.05635345806275438,0.03777744532292304
s11-a06-REROUTE-r05,s11,a06,REROUTE,spanning,0.03382188517298245,0.030203042352153847
s11-a06-THROTTLE-r01,s11,a06,THROTTLE,spanning,0.3427866287361905,0.5076010661233469
s11-a06-THROTTLE-r02,s11,a06,THROTTLE,spanning,0.34543531072693334,0.5110001103720485
s11-a06-THROTTLE-r03,s11,a06,THROTTLE,spanning,0.34340617230220943,0.5070168799369608
s11-a06-THROTTLE-r04,s11,a06,THROTTLE,spanning,0.3695635085302285,0.4928044651395196
s11-a06-THROTTLE-r05,s11,a06,THROTTLE,spanning,0.3439479146635714,0.5098799546876275
s11-a10-NO_OP-r01,s11,a10,NO_OP,spanning,0.21355257322082305,0.29705456418953596
s11-a10-NO_OP-r02,s11,a10,NO_OP,spanning,0.21428875370205758,0.297592917799536
s11-a10-NO_OP-r03,s11,a10,NO_OP,spanning,0.21104293668000002,0.3075849204473295
s11-a10-NO_OP-r04,s11,a10,NO_OP,spanning,0.21757518223386835,0.2996662487462497
s11-a10-NO_OP-r05,s11,a10,NO_OP,spanning,0.21307266890259255,0.29934473832944214
s11-a10-REROUTE-r01,s11,a10,REROUTE,spanning,0.045006942679791856,0.04459356901325491
s11-a10-REROUTE-r02,s11,a10,REROUTE,spanning,0.03144300226503732,0.030081300590392126
s11-a10-REROUTE-r03,s11,a10,REROUTE,spanning,0.03139889130094553,0.03011052858549019
s11-a10-REROUTE-r04,s11,a10,REROUTE,spanning,0.031690973433074004,0.029991453220039228
s11-a10-REROUTE-r05,s11,a10,REROUTE,spanning,0.030983568951950435,0.029934487014549038
s11-a10-THROTTLE-r01,s11,a10,THROTTLE,spanning,0.2850799707311282,0.39415372799691795
s11-a10-THROTTLE-r02,s11,a10,THROTTLE,spanning,0.28457479541902647,0.39363212776299195
s11-a10-THROTTLE-r03,s11,a10,THROTTLE,spanning,0.3034334646254838,0.4047260365429832
s11-a10-THROTTLE-r04,s11,a10,THROTTLE,spanning,0.28488824230225157,0.3935858733603747
s11-a10-THROTTLE-r05,s11,a10,THROTTLE,spanning,0.2843425074166514,0.3932781358621525
s11-a14-NO_OP-r01,s11,a14,NO_OP,post-onset,0.35069929879352224,0.3980842662802811
s11-a14-NO_OP-r02,s11,a14,NO_OP,post-onset,0.35053356657414836,0.3963957936066266
s11-a14-NO_OP-r03,s11,a14,NO_OP,post-onset,0.35099678120473193,0.3976736780854217
s11-a14-NO_OP-r04,s11,a14,NO_OP,post-onset,0.350029198826528,0.3979528525812851
s11-a14-NO_OP-r05,s11,a14,NO_OP,post-onset,0.35905011441957885,0.4038740395653872
s11-a14-REROUTE-r01,s11,a14,REROUTE,post-onset,0.12072803312106714,0.14979751851158726
s11-a14-REROUTE-r02,s11,a14,REROUTE,post-onset,0.11744792315704033,0.13785591381755552
s11-a14-REROUTE-r03,s11,a14,REROUTE,post-onset,0.11497138197232548,0.13576799524336508
s11-a14-REROUTE-r04,s11,a14,REROUTE,post-onset,0.1090320754434872,0.1310716449286032
s11-a14-REROUTE-r05,s11,a14,REROUTE,post-onset,0.10834349828083184,0.13127407352695236
s11-a14-THROTTLE-r01,s11,a14,THROTTLE,post-onset,0.36509188946807974,0.46597748609025236
s11-a14-THROTTLE-r02,s11,a14,THROTTLE,post-onset,0.3594481919505518,0.46526203025282276
s11-a14-THROTTLE-r03,s11,a14,THROTTLE,post-onset,0.3647344952445865,0.46353661445166383
s11-a14-THROTTLE-r04,s11,a14,THROTTLE,post-onset,0.3538867348030963,0.45805523851568575
s11-a14-THROTTLE-r05,s11,a14,THROTTLE,post-onset,0.36325381744963264,0.46575659580839346
s11-a18-NO_OP-r01,s11,a18,NO_OP,post-onset,0.43647607135561467,0.4757194217757544
s11-a18-NO_OP-r02,s11,a18,NO_OP,post-onset,0.4344184160590502,0.4750990012382457
s11-a18-NO_OP-r03,s11,a18,NO_OP,post-onset,0.4446890630582663,0.4804371076509122
s11-a18-NO_OP-r04,s11,a18,NO_OP,post-onset,0.4354294834391528,0.47499761938073676
s11-a18-NO_OP-r05,s11,a18,NO_OP,post-onset,0.4416116180423774,0.4780500479625262
s11-a18-REROUTE-r01,s11,a18,REROUTE,post-onset,0.24950719252188255,0.24934699575714664
s11-a18-REROUTE-r02,s11,a18,REROUTE,post-onset,0.23853645706120397,0.2352754461888
s11-a18-REROUTE-r03,s11,a18,REROUTE,post-onset,0.23795143874855704,0.23990312357384003
s11-a18-REROUTE-r04,s11,a18,REROUTE,post-onset,0.2440796977573461,0.2399180777594666
s11-a18-REROUTE-r05,s11,a18,REROUTE,post-onset,0.2381961930491756,0.23496704322152
s11-a18-THROTTLE-r01,s11,a18,THROTTLE,post-onset,0.48811560914211416,0.5229276964830526
s11-a18-THROTTLE-r02,s11,a18,THROTTLE,post-onset,0.4885397375111703,0.5233790031002105
s11-a18-THROTTLE-r03,s11,a18,THROTTLE,post-onset,0.49488445136453924,0.5278830001378246
s11-a18-THROTTLE-r04,s11,a18,THROTTLE,post-onset,0.4899305736097019,0.525810489980421
s11-a18-THROTTLE-r05,s11,a18,THROTTLE,post-onset,0.4887974891678688,0.5245251289745263
s11-a22-NO_OP-r01,s11,a22,NO_OP,post-onset,0.4995830124737446,0.5416573685356524
s11-a22-NO_OP-r02,s11,a22,NO_OP,post-onset,0.49544438265442914,0.5387397072234043
s11-a22-NO_OP-r03,s11,a22,NO_OP,post-onset,0.5028343143690458,0.5443722949481706
s11-a22-NO_OP-r04,s11,a22,NO_OP,post-onset,0.4947194301028699,0.534043632131909
s11-a22-NO_OP-r05,s11,a22,NO_OP,post-onset,0.49668593133950467,0.5364432000735289
s11-a22-REROUTE-r01,s11,a22,REROUTE,post-onset,0.32949245812024874,0.3281240399160152
s11-a22-REROUTE-r02,s11,a22,REROUTE,post-onset,0.32363516719945906,0.32767322046467373
s11-a22-REROUTE-r03,s11,a22,REROUTE,post-onset,0.34614819337533453,0.33857694463511656
s11-a22-REROUTE-r04,s11,a22,REROUTE,post-onset,0.3319133801822479,0.3277065175817289
s11-a22-REROUTE-r05,s11,a22,REROUTE,post-onset,0.34285089915716593,0.3448693165717615
s11-a22-THROTTLE-r01,s11,a22,THROTTLE,post-onset,0.5554260682246758,0.5885595433579471
s11-a22-THROTTLE-r02,s11,a22,THROTTLE,post-onset,0.547454769230597,0.5814808265195357
s11-a22-THROTTLE-r03,s11,a22,THROTTLE,post-onset,0.5445012388993277,0.579631513502357
s11-a22-THROTTLE-r04,s11,a22,THROTTLE,post-onset,0.5535190534798351,0.5864022956609313
s11-a22-THROTTLE-r05,s11,a22,THROTTLE,post-onset,0.5469094675434504,0.5819679593192727
s11-a26-NO_OP-r01,s11,a26,NO_OP,post-onset,0.5428650062558968,0.5899344863024268
s11-a26-NO_OP-r02,s11,a26,NO_OP,post-onset,0.5497085498753745,0.5945223134735039
s11-a26-NO_OP-r03,s11,a26,NO_OP,post-onset,0.5462472049677853,0.5942942195458418
s11-a26-NO_OP-r04,s11,a26,NO_OP,post-onset,0.5434924959783323,0.5898239221348357
s11-a26-NO_OP-r05,s11,a26,NO_OP,post-onset,0.5433174129246685,0.5909980298392895
s11-a26-REROUTE-r01,s11,a26,REROUTE,post-onset,0.39587545462455653,0.39600809301932904
s11-a26-REROUTE-r02,s11,a26,REROUTE,post-onset,0.4013215975487927,0.4084450880037013
s11-a26-REROUTE-r03,s11,a26,REROUTE,post-onset,0.39594022800100626,0.39642806588365803
s11-a26-REROUTE-r04,s11,a26,REROUTE,post-onset,0.39570923455091167,0.405241468417857
s11-a26-REROUTE-r05,s11,a26,REROUTE,post-onset,0.39626178060823036,0.39695301478179645
s11-a26-THROTTLE-r01,s11,a26,THROTTLE,post-onset,0.5870935532502044,0.6321407639179908
s11-a26-THROTTLE-r02,s11,a26,THROTTLE,post-onset,0.5888901670885016,0.6295483009099518
s11-a26-THROTTLE-r03,s11,a26,THROTTLE,post-onset,0.5868621125552116,0.6284903380846858
s11-a26-THROTTLE-r04,s11,a26,THROTTLE,post-onset,0.5941655857365613,0.6356630788877236
s11-a26-THROTTLE-r05,s11,a26,THROTTLE,post-onset,0.5868848768877212,0.6299762815406798
s11-a30-NO_OP-r01,s11,a30,NO_OP,post-onset,0.5957405988898508,0.6457010689330459
s11-a30-NO_OP-r02,s11,a30,NO_OP,post-onset,0.5928658373629849,0.6452285309019263
s11-a30-NO_OP-r03,s11,a30,NO_OP,post-onset,0.5952404427496176,0.645676770491869
s11-a30-NO_OP-r04,s11,a30,NO_OP,post-onset,0.5923954618245348,0.6435367705242679
s11-a30-NO_OP-r05,s11,a30,NO_OP,post-onset,0.588947267169323,0.6430796944414872
s11-a30-REROUTE-r01,s11,a30,REROUTE,post-onset,0.4719941473343256,0.4932191362782122
s11-a30-REROUTE-r02,s11,a30,REROUTE,post-onset,0.4639062921864736,0.4679223072597537
s11-a30-REROUTE-r03,s11,a30,REROUTE,post-onset,0.4701670806843051,0.4698796718017943
s11-a30-REROUTE-r04,s11,a30,REROUTE,post-onset,0.46613730514759094,0.47100887435954863
s11-a30-REROUTE-r05,s11,a30,REROUTE,post-onset,0.4632235068215115,0.46839262567680184
s11-a30-THROTTLE-r01,s11,a30,THROTTLE,post-onset,0.6276345649283745,0.6765927494773099
s11-a30-THROTTLE-r02,s11,a30,THROTTLE,post-onset,0.6296258326692113,0.6796982630402495
s11-a30-THROTTLE-r03,s11,a30,THROTTLE,post-onset,0.6348397105725745,0.684763345107476
s11-a30-THROTTLE-r04,s11,a30,THROTTLE,post-onset,0.6297007646761686,0.6785419561357574
s11-a30-THROTTLE-r05,s11,a30,THROTTLE,post-onset,0.6254152151287511,0.6735387656921442
s12-a02-NO_OP-r01,s12,a02,NO_OP,pre-fault,0.6054478440373334,0.029986326368222228
s12-a02-NO_OP-r02,s12,a02,NO_OP,pre-fault,0.6067647937841334,0.03022927697444446
s12-a02-NO_OP-r03,s12,a02,NO_OP,pre-fault,0.6751709603352,0.040950038826296296
s12-a02-NO_OP-r04,s12,a02,NO_OP,pre-fault,0.603905820184,0.05102011077881481
s12-a02-NO_OP-r05,s12,a02,NO_OP,pre-fault,0.6045492340654667,0.029866068577111132
s12-a02-REROUTE-r01,s12,a02,REROUTE,pre-fault,0.06167397779377777,0.05097217923755555
s12-a02-REROUTE-r02,s12,a02,REROUTE,pre-fault,0.060220888984,0.029851786885999994
s12-a02-REROUTE-r03,s12,a02,REROUTE,pre-fault,0.060921984332777776,0.030245969335851854
s12-a02-REROUTE-r04,s12,a02,REROUTE,pre-fault,0.061789442827222214,0.03017187057311111
s12-a02-REROUTE-r05,s12,a02,REROUTE,pre-fault,0.060175523455000005,0.030059930967111122
s12-a02-THROTTLE-r01,s12,a02,THROTTLE,pre-fault,0.6068342439661334,0.7033246868763636
s12-a02-THROTTLE-r02,s12,a02,THROTTLE,pre-fault,0.6059990365878667,0.7083271571589091
s12-a02-THROTTLE-r03,s12,a02,THROTTLE,pre-fault,0.6046025147846666,0.7077554211305455
s12-a02-THROTTLE-r04,s12,a02,THROTTLE,pre-fault,0.6887499169806667,0.7245979855459392
s12-a02-THROTTLE-r05,s12,a02,THROTTLE,pre-fault,0.6045172426952,0.704910625325091
s12-a06-NO_OP-r01,s12,a06,NO_OP,spanning,0.2955143229216191,0.036854275457205335
s12-a06-NO_OP-r02,s12,a06,NO_OP,spanning,0.3219166369724953,0.05935653281057047
s12-a06-NO_OP-r03,s12,a06,NO_OP,spanning,0.32684385130270477,0.059242739926126005
s12-a06-NO_OP-r04,s12,a06,NO_OP,spanning,0.28817529754342863,0.03709076314139136
s12-a06-NO_OP-r05,s12,a06,NO_OP,spanning,0.28656191002367615,0.03625596983121048
s12-a06-REROUTE-r01,s12,a06,REROUTE,spanning,0.03421237479040602,0.030209873448051296
s12-a06-REROUTE-r02,s12,a06,REROUTE,spanning,0.08525838017525564,0.048017797503589726
s12-a06-REROUTE-r03,s12,a06,REROUTE,spanning,0.033934395546548875,0.06210403130348717
s12-a06-REROUTE-r04,s12,a06,REROUTE,spanning,0.034257297527829564,0.02997670362092308
s12-a06-REROUTE-r05,s12,a06,REROUTE,spanning,0.034759412432032594,0.030008201333846175
s12-a06-THROTTLE-r01,s12,a06,THROTTLE,spanning,0.3426007864553333,0.506266484235768
s12-a06-THROTTLE-r02,s12,a06,THROTTLE,spanning,0.343264564665019,0.5082850456807925
s12-a06-THROTTLE-r03,s12,a06,THROTTLE,spanning,0.3435111550169333,0.5078721301028556
s12-a06-THROTTLE-r04,s12,a06,THROTTLE,spanning,0.34022272785677143,0.5087715549580135
s12-a06-THROTTLE-r05,s12,a06,THROTTLE,spanning,0.3626653157375428,0.5147329697315574
s12-a10-NO_OP-r01,s12,a10,NO_OP,spanning,0.2085559839927983,0.09615316722177539
s12-a10-NO_OP-r02,s12,a10,NO_OP,spanning,0.23697265851148142,0.10228907428250264
s12-a10-NO_OP-r03,s12,a10,NO_OP,spanning,0.23103391253115224,0.12047452036374567
s12-a10-NO_OP-r04,s12,a10,NO_OP,spanning,0.2368825932890535,0.10763486466326086
s12-a10-NO_OP-r05,s12,a10,NO_OP,spanning,0.232918481273786,0.10039675589418418
s12-a10-REROUTE-r01,s12,a10,REROUTE,spanning,0.06117711812896163,0.044626287489411755
s12-a10-REROUTE-r02,s12,a10,REROUTE,spanning,0.03127116235424059,0.038993451748078424
s12-a10-REROUTE-r03,s12,a10,REROUTE,spanning,0.031279582522595446,0.03037344983333333
s12-a10-REROUTE-r04,s12,a10,REROUTE,spanning,0.04355004919345441,0.035975188872196084
s12-a10-REROUTE-r05,s12,a10,REROUTE,spanning,0.031368771621247016,0.030475876414470596
s12-a10-THROTTLE-r01,s12,a10,THROTTLE,spanning,0.28506840274386885,0.3935440260959302
s12-a10-THROTTLE-r02,s12,a10,THROTTLE,spanning,0.284225767645505,0.4002125347514016
s12-a10-THROTTLE-r03,s12,a10,THROTTLE,spanning,0.2855588865969918,0.38575881904530435
s12-a10-THROTTLE-r04,s12,a10,THROTTLE,spanning,0.28568175142631164,0.40262647925940165
s12-a10-THROTTLE-r05,s12,a10,THROTTLE,spanning,0.29988977988015636,0.410819696139817
s12-a14-NO_OP-r01,s12,a14,NO_OP,post-onset,0.1966571871085658,0.17380999387516227
s12-a14-NO_OP-r02,s12,a14,NO_OP,post-onset,0.20991021040684346,0.18096197398232644
s12-a14-NO_OP-r03,s12,a14,NO_OP,post-onset,0.21299109008623124,0.18146647418733006
s12-a14-NO_OP-r04,s12,a14,NO_OP,post-onset,0.20451101411234063,0.17748135075333335
s12-a14-NO_OP-r05,s12,a14,NO_OP,post-onset,0.20261074789890574,0.17860797508883672
s12-a14-REROUTE-r01,s12,a14,REROUTE,post-onset,0.03230157092769038,0.04556306774301591
s12-a14-REROUTE-r02,s12,a14,REROUTE,post-onset,0.03274623827549032,0.039258819110698395
s12-a14-REROUTE-r03,s12,a14,REROUTE,post-onset,0.04509917024122814,0.05138605855422221
s12-a14-REROUTE-r04,s12,a14,REROUTE,post-onset,0.040388639089930525,0.043829331587968284
s12-a14-REROUTE-r05,s12,a14,REROUTE,post-onset,0.03258730565102786,0.039203228126666684
s12-a14-THROTTLE-r01,s12,a14,THROTTLE,post-onset,0.24568196025147632,0.33267432244175243
s12-a14-THROTTLE-r02,s12,a14,THROTTLE,post-onset,0.24638742842944744,0.3332682143595809
s12-a14-THROTTLE-r03,s12,a14,THROTTLE,post-onset,0.2546186501151159,0.3327226549560761
s12-a14-THROTTLE-r04,s12,a14,THROTTLE,post-onset,0.24663918676790753,0.3338561542539047
s12-a14-THROTTLE-r05,s12,a14,THROTTLE,post-onset,0.2454347995641506,0.33261404309573334
s12-a18-NO_OP-r01,s12,a18,NO_OP,post-onset,0.26444060254224455,0.26794340574601977
s12-a18-NO_OP-r02,s12,a18,NO_OP,post-onset,0.25774493184295033,0.2647601862759775
s12-a18-NO_OP-r03,s12,a18,NO_OP,post-onset,0.26986857920169327,0.26994299313423337
s12-a18-NO_OP-r04,s12,a18,NO_OP,post-onset,0.25279135640830347,0.2581150630011252
s12-a18-NO_OP-r05,s12,a18,NO_OP,post-onset,0.2699868523174845,0.2696155021807033
s12-a18-REROUTE-r01,s12,a18,REROUTE,post-onset,0.07573827763062402,0.08969179499794666
s12-a18-REROUTE-r02,s12,a18,REROUTE,post-onset,0.08093224164102505,0.08754079407152002
s12-a18-REROUTE-r03,s12,a18,REROUTE,post-onset,0.08132996350422175,0.08771442779205338
s12-a18-REROUTE-r04,s12,a18,REROUTE,post-onset,0.08460654187917596,0.08987022745464
s12-a18-REROUTE-r05,s12,a18,REROUTE,post-onset,0.07520134841389746,0.08903779946506668
s12-a18-THROTTLE-r01,s12,a18,THROTTLE,post-onset,0.2599070614743601,0.3357001772615193
s12-a18-THROTTLE-r02,s12,a18,THROTTLE,post-onset,0.2614565566044936,0.33598365046722484
s12-a18-THROTTLE-r03,s12,a18,THROTTLE,post-onset,0.2606539168285779,0.3370657711767131
s12-a18-THROTTLE-r04,s12,a18,THROTTLE,post-onset,0.2689268648500904,0.34413686099221713
s12-a18-THROTTLE-r05,s12,a18,THROTTLE,post-onset,0.25919747609704114,0.33569107319981395
s12-a22-NO_OP-r01,s12,a22,NO_OP,post-onset,0.30819272494841665,0.3192777072643754
s12-a22-NO_OP-r02,s12,a22,NO_OP,post-onset,0.3195548445803518,0.3286633881679787
s12-a22-NO_OP-r03,s12,a22,NO_OP,post-onset,0.307213526412712,0.3179490358701385
s12-a22-NO_OP-r04,s12,a22,NO_OP,post-onset,0.31304232227968887,0.323313227459925
s12-a22-NO_OP-r05,s12,a22,NO_OP,post-onset,0.3073573153275442,0.31888221472310546
s12-a22-REROUTE-r01,s12,a22,REROUTE,post-onset,0.15758472011479077,0.15593761507101145
s12-a22-REROUTE-r02,s12,a22,REROUTE,post-onset,0.1594753933725966,0.16068488328983907
s12-a22-REROUTE-r03,s12,a22,REROUTE,post-onset,0.15645545733040306,0.15532959000186206
s12-a22-REROUTE-r04,s12,a22,REROUTE,post-onset,0.16326295904893648,0.15991670032921843
s12-a22-REROUTE-r05,s12,a22,REROUTE,post-onset,0.15543537741882085,0.15439324348
s12-a22-THROTTLE-r01,s12,a22,THROTTLE,post-onset,0.3194130233192817,0.3854907482655055
s12-a22-THROTTLE-r02,s12,a22,THROTTLE,post-onset,0.3068685019622789,0.3763988454309046
s12-a22-THROTTLE-r03,s12,a22,THROTTLE,post-onset,0.31068844318917127,0.37956637398689475
s12-a22-THROTTLE-r04,s12,a22,THROTTLE,post-onset,0.3130304623105668,0.38277792552434176
s12-a22-THROTTLE-r05,s12,a22,THROTTLE,post-onset,0.3248403569020847,0.38777426159364625
s12-a26-NO_OP-r01,s12,a26,NO_OP,post-onset,0.3733009259710714,0.3792417703541727
s12-a26-NO_OP-r02,s12,a26,NO_OP,post-onset,0.35933345291278557,0.3691675238052877
s12-a26-NO_OP-r03,s12,a26,NO_OP,post-onset,0.3601938068424009,0.3684790935807354
s12-a26-NO_OP-r04,s12,a26,NO_OP,post-onset,0.3597077678236286,0.36652556251741286
s12-a26-NO_OP-r05,s12,a26,NO_OP,post-onset,0.369286326112046,0.37479506575514954
s12-a26-REROUTE-r01,s12,a26,REROUTE,post-onset,0.24603626292608316,0.22357704258654545
s12-a26-REROUTE-r02,s12,a26,REROUTE,post-onset,0.2405938871554188,0.22695947126628277
s12-a26-REROUTE-r03,s12,a26,REROUTE,post-onset,0.23975530054623617,0.2193415232509293
s12-a26-REROUTE-r04,s12,a26,REROUTE,post-onset,0.23994335793093682,0.2222701006045657
s12-a26-REROUTE-r05,s12,a26,REROUTE,post-onset,0.2359162280980549,0.21973105028551515
s12-a26-THROTTLE-r01,s12,a26,THROTTLE,post-onset,0.37269023125956036,0.41850671479319573
s12-a26-THROTTLE-r02,s12,a26,THROTTLE,post-onset,0.3710837554529054,0.4150477676431658
s12-a26-THROTTLE-r03,s12,a26,THROTTLE,post-onset,0.3777890962920923,0.42060028050619824
s12-a26-THROTTLE-r04,s12,a26,THROTTLE,post-onset,0.37753913762463875,0.421832596695961
s12-a26-THROTTLE-r05,s12,a26,THROTTLE,post-onset,0.3698174366156396,0.41443369239326977
s12-a30-NO_OP-r01,s12,a30,NO_OP,post-onset,0.40417664903804096,0.40938414457949024
s12-a30-NO_OP-r02,s12,a30,NO_OP,post-onset,0.4064882493277434,0.4112960299655247
s12-a30-NO_OP-r03,s12,a30,NO_OP,post-onset,0.4045297927312898,0.4099989374781099
s12-a30-NO_OP-r04,s12,a30,NO_OP,post-onset,0.4088452492769389,0.4155125667795735
s12-a30-NO_OP-r05,s12,a30,NO_OP,post-onset,0.40418808165300596,0.4093433419696889
s12-a30-REROUTE-r01,s12,a30,REROUTE,post-onset,0.3125319988906573,0.2809684402347567
s12-a30-REROUTE-r02,s12,a30,REROUTE,post-onset,0.2997868356023467,0.2685333069017658
s12-a30-REROUTE-r03,s12,a30,REROUTE,post-onset,0.3019649230788867,0.2711017618747208
s12-a30-REROUTE-r04,s12,a30,REROUTE,post-onset,0.30563245094705443,0.27917522387288296
s12-a30-REROUTE-r05,s12,a30,REROUTE,post-onset,0.2998636627556001,0.2694571225111171
s12-a30-THROTTLE-r01,s12,a30,THROTTLE,post-onset,0.4188735434703841,0.4490319053456442
s12-a30-THROTTLE-r02,s12,a30,THROTTLE,post-onset,0.42012947413947815,0.4504039174228942
s12-a30-THROTTLE-r03,s12,a30,THROTTLE,post-onset,0.4161014913893777,0.4492158138952228
s12-a30-THROTTLE-r04,s12,a30,THROTTLE,post-onset,0.41606602981195917,0.448963407528377
s12-a30-THROTTLE-r05,s12,a30,THROTTLE,post-onset,0.41430822821902474,0.4461268638644367
s13-a02-NO_OP-r01,s13,a02,NO_OP,spanning,0.606084672386,0.24881546118388886
s13-a02-NO_OP-r02,s13,a02,NO_OP,spanning,0.6046011239625333,0.24874785806212962
s13-a02-NO_OP-r03,s13,a02,NO_OP,spanning,0.606046722768,0.2487787495314815
s13-a02-NO_OP-r04,s13,a02,NO_OP,spanning,0.6068019657678667,0.24909859753138888
s13-a02-NO_OP-r05,s13,a02,NO_OP,spanning,0.6054498542444,0.24882071946944442
s13-a02-REROUTE-r01,s13,a02,REROUTE,spanning,0.055836062200444445,0.03005186144940742
s13-a02-REROUTE-r02,s13,a02,REROUTE,spanning,0.060174332435666666,0.029774447904444452
s13-a02-REROUTE-r03,s13,a02,REROUTE,spanning,0.06015668531744445,0.03016646660592593
s13-a02-REROUTE-r04,s13,a02,REROUTE,spanning,0.05943668867811111,0.029966121834444488
s13-a02-REROUTE-r05,s13,a02,REROUTE,spanning,0.059551763677,0.04817989209785184
s13-a02-THROTTLE-r01,s13,a02,THROTTLE,spanning,0.6038469861070667,0.7016847620407693
s13-a02-THROTTLE-r02,s13,a02,THROTTLE,spanning,0.6068514243284,0.7023130065412819
s13-a02-THROTTLE-r03,s13,a02,THROTTLE,spanning,0.6061485813837333,0.7023061768170513
s13-a02-THROTTLE-r04,s13,a02,THROTTLE,spanning,0.6052663556306668,0.7059557391487179
s13-a02-THROTTLE-r05,s13,a02,THROTTLE,spanning,0.6038308976382666,0.702142417205128
s13-a06-NO_OP-r01,s13,a06,NO_OP,spanning,0.3235829210202667,0.4384258780315501
s13-a06-NO_OP-r02,s13,a06,NO_OP,spanning,0.33208846296053335,0.43878230518369465
s13-a06-NO_OP-r03,s13,a06,NO_OP,spanning,0.32023214776542863,0.43667112263157926
s13-a06-NO_OP-r04,s13,a06,NO_OP,spanning,0.28924045787807623,0.42413261532289037
s13-a06-NO_OP-r05,s13,a06,NO_OP,spanning,0.3174709483884762,0.43170078043056526
s13-a06-REROUTE-r01,s13,a06,REROUTE,spanning,0.03430449389553384,0.044342777475230785
s13-a06-REROUTE-r02,s13,a06,REROUTE,spanning,0.0339848481062732,0.030001557781692292
s13-a06-REROUTE-r03,s13,a06,REROUTE,spanning,0.03450901094035338,0.04995498270353846
s13-a06-REROUTE-r04,s13,a06,REROUTE,spanning,0.03380305318226315,0.030503267557538474
s13-a06-REROUTE-r05,s13,a06,REROUTE,spanning,0.03340040904757394,0.039714675449743594
s13-a06-THROTTLE-r01,s13,a06,THROTTLE,spanning,0.3747122451249714,0.5390296715704137
s13-a06-THROTTLE-r02,s13,a06,THROTTLE,spanning,0.34340870368374277,0.5238584993310722
s13-a06-THROTTLE-r03,s13,a06,THROTTLE,spanning,0.34364530808252375,0.5239060160231934
s13-a06-THROTTLE-r04,s13,a06,THROTTLE,spanning,0.34342338208820944,0.525685002550542
s13-a06-THROTTLE-r05,s13,a06,THROTTLE,spanning,0.34341451565134284,0.5235497144762995
s13-a10-NO_OP-r01,s13,a10,NO_OP,post-onset,0.47097627653019547,0.533446765853571
s13-a10-NO_OP-r02,s13,a10,NO_OP,post-onset,0.4708740259113169,0.5331163423540196
s13-a10-NO_OP-r03,s13,a10,NO_OP,post-onset,0.4702943951980967,0.5392338477946607
s13-a10-NO_OP-r04,s13,a10,NO_OP,post-onset,0.47222632532350817,0.5342099810778658
s13-a10-NO_OP-r05,s13,a10,NO_OP,post-onset,0.48267486887402256,0.5431642877519005
s13-a10-REROUTE-r01,s13,a10,REROUTE,post-onset,0.15978560467820413,0.18337748506898038
s13-a10-REROUTE-r02,s13,a10,REROUTE,post-onset,0.16070732721470282,0.18328213605196075
s13-a10-REROUTE-r03,s13,a10,REROUTE,post-onset,0.1605708744606675,0.184613264097451
s13-a10-REROUTE-r04,s13,a10,REROUTE,post-onset,0.18306347475677864,0.19931825385658825
s13-a10-REROUTE-r05,s13,a10,REROUTE,post-onset,0.16150812590895347,0.19166487785666664
s13-a10-THROTTLE-r01,s13,a10,THROTTLE,post-onset,0.5480551682240741,0.6141205314152112
s13-a10-THROTTLE-r02,s13,a10,THROTTLE,post-onset,0.5473568884217078,0.6097000368837369
s13-a10-THROTTLE-r03,s13,a10,THROTTLE,post-onset,0.5466014085236112,0.6118612524834804
s13-a10-THROTTLE-r04,s13,a10,THROTTLE,post-onset,0.5473305989103909,0.6099696344851471
s13-a10-THROTTLE-r05,s13,a10,THROTTLE,post-onset,0.5562193961582819,0.6171753630049738
s13-a14-NO_OP-r01,s13,a14,NO_OP,post-onset,0.5636973008339782,0.617595401118865
s13-a14-NO_OP-r02,s13,a14,NO_OP,post-onset,0.5629756179437779,0.6169721543578095
s13-a14-NO_OP-r03,s13,a14,NO_OP,post-onset,0.57567117183893,0.6295033807126825
s13-a14-NO_OP-r04,s13,a14,NO_OP,post-onset,0.5753296463199323,0.6271220808606984
s13-a14-NO_OP-r05,s13,a14,NO_OP,post-onset,0.5813409883475933,0.6375816840287777
s13-a14-REROUTE-r01,s13,a14,REROUTE,post-onset,0.3156367566283591,0.3271615184560201
s13-a14-REROUTE-r02,s13,a14,REROUTE,post-onset,0.3289727092976503,0.32719070805773937
s13-a14-REROUTE-r03,s13,a14,REROUTE,post-onset,0.3400388650108539,0.33399872961572424
s13-a14-REROUTE-r04,s13,a14,REROUTE,post-onset,0.32702934607501777,0.3247858291581855
s13-a14-REROUTE-r05,s13,a14,REROUTE,post-onset,0.32012429149466204,0.3190970605950025
s13-a14-THROTTLE-r01,s13,a14,THROTTLE,post-onset,0.6299901874316297,0.680995241818127
s13-a14-THROTTLE-r02,s13,a14,THROTTLE,post-onset,0.6303285305904186,0.6792288197671269
s13-a14-THROTTLE-r03,s13,a14,THROTTLE,post-onset,0.6382440363910099,0.6874412505054445
s13-a14-THROTTLE-r04,s13,a14,THROTTLE,post-onset,0.6381856509607741,0.686768445512135
s13-a14-THROTTLE-r05,s13,a14,THROTTLE,post-onset,0.6304005448530071,0.6844988355914603
s13-a18-NO_OP-r01,s13,a18,NO_OP,post-onset,0.6214154193061598,0.6886475838431372
s13-a18-NO_OP-r02,s13,a18,NO_OP,post-onset,0.6233838590596379,0.6884992435254904
s13-a18-NO_OP-r03,s13,a18,NO_OP,post-onset,0.6360663403318296,0.6978125691317647
s13-a18-NO_OP-r04,s13,a18,NO_OP,post-onset,0.6250840387572496,0.689589539492794
s13-a18-NO_OP-r05,s13,a18,NO_OP,post-onset,0.6243562253690297,0.6933567648742156
s13-a18-REROUTE-r01,s13,a18,REROUTE,post-onset,0.42275416644029995,0.4227913666184465
s13-a18-REROUTE-r02,s13,a18,REROUTE,post-onset,0.42182510155220676,0.42867184022964394
s13-a18-REROUTE-r03,s13,a18,REROUTE,post-onset,0.42647546561102534,0.424577845704725
s13-a18-REROUTE-r04,s13,a18,REROUTE,post-onset,0.43165812270581905,0.43375214839841425
s13-a18-REROUTE-r05,s13,a18,REROUTE,post-onset,0.44781703203509393,0.44378936546589004
s13-a18-THROTTLE-r01,s13,a18,THROTTLE,post-onset,0.6821019612315837,0.7452565271652942
s13-a18-THROTTLE-r02,s13,a18,THROTTLE,post-onset,0.6794117538244857,0.7388475304190195
s13-a18-THROTTLE-r03,s13,a18,THROTTLE,post-onset,0.6833165757890556,0.7432620865550981
s13-a18-THROTTLE-r04,s13,a18,THROTTLE,post-onset,0.6786260478187724,0.7393513089424509
s13-a18-THROTTLE-r05,s13,a18,THROTTLE,post-onset,0.685918103262377,0.7481264788706863
s13-a22-NO_OP-r01,s13,a22,NO_OP,post-onset,0.6829999651854193,0.7601078970967167
s13-a22-NO_OP-r02,s13,a22,NO_OP,post-onset,0.6845817354073405,0.7564825559167166
s13-a22-NO_OP-r03,s13,a22,NO_OP,post-onset,0.6877361286223086,0.7607650901949852
s13-a22-NO_OP-r04,s13,a22,NO_OP,post-onset,0.6806499464955161,0.7589894287642167
s13-a22-NO_OP-r05,s13,a22,NO_OP,post-onset,0.6862291654142199,0.7584492753049047
s13-a22-REROUTE-r01,s13,a22,REROUTE,post-onset,0.5220332207922094,0.5136403081208977
s13-a22-REROUTE-r02,s13,a22,REROUTE,post-onset,0.5223347978868325,0.5236755687954046
s13-a22-REROUTE-r03,s13,a22,REROUTE,post-onset,0.512411969859626,0.5139461659662463
s13-a22-REROUTE-r04,s13,a22,REROUTE,post-onset,0.519322439271995,0.5232515461200113
s13-a22-REROUTE-r05,s13,a22,REROUTE,post-onset,0.5282353182152688,0.5177336021447883
s13-a22-THROTTLE-r01,s13,a22,THROTTLE,post-onset,0.7377108040628821,0.8037892442258212
s13-a22-THROTTLE-r02,s13,a22,THROTTLE,post-onset,0.7287022249137334,0.7965487798247095
s13-a22-THROTTLE-r03,s13,a22,THROTTLE,post-onset,0.7321949094194768,0.8000684970419993
s13-a22-THROTTLE-r04,s13,a22,THROTTLE,post-onset,0.7240290670199621,0.7920550769056746
s13-a22-THROTTLE-r05,s13,a22,THROTTLE,post-onset,0.7339833638128799,0.8015236136489157
s13-a26-NO_OP-r01,s13,a26,NO_OP,post-onset,0.7296095237566608,0.7849090909090908
s13-a26-NO_OP-r02,s13,a26,NO_OP,post-onset,0.7339856303300605,0.7854545454545454
s13-a26-NO_OP-r03,s13,a26,NO_OP,post-onset,0.7253998571461533,0.7818181818181817
s13-a26-NO_OP-r04,s13,a26,NO_OP,post-onset,0.7274858196216637,0.7818181818181817
s13-a26-NO_OP-r05,s13,a26,NO_OP,post-onset,0.7372633497929844,0.7901818181818181
s13-a26-REROUTE-r01,s13,a26,REROUTE,post-onset,0.5803851692249469,0.5821401913439853
s13-a26-REROUTE-r02,s13,a26,REROUTE,post-onset,0.5796054537810201,0.5845834130455078
s13-a26-REROUTE-r03,s13,a26,REROUTE,post-onset,0.586341149929341,0.5875169008222894
s13-a26-REROUTE-r04,s13,a26,REROUTE,post-onset,0.585191625358156,0.5896313276905908
s13-a26-REROUTE-r05,s13,a26,REROUTE,post-onset,0.582221289231307,0.5900389807627757
s13-a26-THROTTLE-r01,s13,a26,THROTTLE,post-onset,0.78284188426267,0.8212121212121212
s13-a26-THROTTLE-r02,s13,a26,THROTTLE,post-onset,0.7787534214319922,0.8275757575757575
s13-a26-THROTTLE-r03,s13,a26,THROTTLE,post-onset,0.7748421922617647,0.8212121212121212
s13-a26-THROTTLE-r04,s13,a26,THROTTLE,post-onset,0.7680471601430738,0.8212121212121212
s13-a26-THROTTLE-r05,s13,a26,THROTTLE,post-onset,0.7749661598322405,0.8246666666666665
s13-a30-NO_OP-r01,s13,a30,NO_OP,post-onset,0.7714295134641485,0.7967567567567567
s13-a30-NO_OP-r02,s13,a30,NO_OP,post-onset,0.7775606587550514,0.8001621621621621
s13-a30-NO_OP-r03,s13,a30,NO_OP,post-onset,0.7813633169930856,0.7995135135135135
s13-a30-NO_OP-r04,s13,a30,NO_OP,post-onset,0.7851225494760206,0.7967567567567567
s13-a30-NO_OP-r05,s13,a30,NO_OP,post-onset,0.7716334303967394,0.7967567567567567
s13-a30-REROUTE-r01,s13,a30,REROUTE,post-onset,0.6489827759461118,0.6475135135135135
s13-a30-REROUTE-r02,s13,a30,REROUTE,post-onset,0.6546907380089653,0.6454054054054055
s13-a30-REROUTE-r03,s13,a30,REROUTE,post-onset,0.6466152244474737,0.6478378378378379
s13-a30-REROUTE-r04,s13,a30,REROUTE,post-onset,0.6471902717001361,0.6454054054054055
s13-a30-REROUTE-r05,s13,a30,REROUTE,post-onset,0.6440595711168708,0.6616216216216216
s13-a30-THROTTLE-r01,s13,a30,THROTTLE,post-onset,0.8143173633175596,0.8318918918918918
s13-a30-THROTTLE-r02,s13,a30,THROTTLE,post-onset,0.8124719338009367,0.8318918918918918
s13-a30-THROTTLE-r03,s13,a30,THROTTLE,post-onset,0.8222070176426094,0.8385405405405404
s13-a30-THROTTLE-r04,s13,a30,THROTTLE,post-onset,0.8175133204437781,0.8318918918918918
s13-a30-THROTTLE-r05,s13,a30,THROTTLE,post-onset,0.8183214876327156,0.8362702702702702
s14-a02-NO_OP-r01,s14,a02,NO_OP,pre-fault,0.6061005379449333,0.030195156244666684
s14-a02-NO_OP-r02,s14,a02,NO_OP,pre-fault,0.6068027012401334,0.029949363792888907
s14-a02-NO_OP-r03,s14,a02,NO_OP,pre-fault,0.6045818517412,0.029713112565555606
s14-a02-NO_OP-r04,s14,a02,NO_OP,pre-fault,0.6052369724234667,0.049801323924000024
s14-a02-NO_OP-r05,s14,a02,NO_OP,pre-fault,0.6053853153413333,0.030069980142148168
s14-a02-REROUTE-r01,s14,a02,REROUTE,pre-fault,0.06170317882411111,0.030061942330518523
s14-a02-REROUTE-r02,s14,a02,REROUTE,pre-fault,0.05795366155533334,0.04147247159674076
s14-a02-REROUTE-r03,s14,a02,REROUTE,pre-fault,0.22495901017122222,0.05448921270562963
s14-a02-REROUTE-r04,s14,a02,REROUTE,pre-fault,0.05954152994766666,0.030004823505111106
s14-a02-REROUTE-r05,s14,a02,REROUTE,pre-fault,0.061690244918777774,0.029954186484074097
s14-a02-THROTTLE-r01,s14,a02,THROTTLE,pre-fault,0.6067851309404,0.7044138822768484
s14-a02-THROTTLE-r02,s14,a02,THROTTLE,pre-fault,0.6045818437764,0.7094326486043636
s14-a02-THROTTLE-r03,s14,a02,THROTTLE,pre-fault,0.6016674790936001,0.7093389615841212
s14-a02-THROTTLE-r04,s14,a02,THROTTLE,pre-fault,0.6067846731930667,0.704549143468
s14-a02-THROTTLE-r05,s14,a02,THROTTLE,pre-fault,0.604552061432,0.7038907681504243
s14-a06-NO_OP-r01,s14,a06,NO_OP,pre-fault,0.28924497795632387,0.030639747000102566
s14-a06-NO_OP-r02,s14,a06,NO_OP,pre-fault,0.28499066778645715,0.029987348975897457
s14-a06-NO_OP-r03,s14,a06,NO_OP,pre-fault,0.31679752924668575,0.03655764695769232
s14-a06-NO_OP-r04,s14,a06,NO_OP,pre-fault,0.28553897409594287,0.030107254007692333
s14-a06-NO_OP-r05,s14,a06,NO_OP,pre-fault,0.2839457058002858,0.029828937249025675
s14-a06-REROUTE-r01,s14,a06,REROUTE,pre-fault,0.034527076708022554,0.04052426557041025
s14-a06-REROUTE-r02,s14,a06,REROUTE,pre-fault,0.034475254411453646,0.039112181971641034
s14-a06-REROUTE-r03,s14,a06,REROUTE,pre-fault,0.05713512937393733,0.056443704934256406
s14-a06-REROUTE-r04,s14,a06,REROUTE,pre-fault,0.03430010295397492,0.04327089928584614
s14-a06-REROUTE-r05,s14,a06,REROUTE,pre-fault,0.03411613183001504,0.03891184114189742
s14-a06-THROTTLE-r01,s14,a06,THROTTLE,pre-fault,0.3426193279959333,0.5071776949094522
s14-a06-THROTTLE-r02,s14,a06,THROTTLE,pre-fault,0.3767433189316761,0.5220828084902833
s14-a06-THROTTLE-r03,s14,a06,THROTTLE,pre-fault,0.3641056913286571,0.5164517633837518
s14-a06-THROTTLE-r04,s14,a06,THROTTLE,pre-fault,0.34195850343078094,0.5070639130928205
s14-a06-THROTTLE-r05,s14,a06,THROTTLE,pre-fault,0.3700554169981143,0.5156900142493495
s14-a10-NO_OP-r01,s14,a10,NO_OP,pre-fault,0.2128110011488477,0.029904906647215696
s14-a10-NO_OP-r02,s14,a10,NO_OP,pre-fault,0.23579077402111112,0.03731754528039213
s14-a10-NO_OP-r03,s14,a10,NO_OP,pre-fault,0.21730239191176953,0.037020641396000066
s14-a10-NO_OP-r04,s14,a10,NO_OP,pre-fault,0.2183101529901234,0.030182756616941177
s14-a10-NO_OP-r05,s14,a10,NO_OP,pre-fault,0.2203092320779424,0.030019147447647054
s14-a10-REROUTE-r01,s14,a10,REROUTE,pre-fault,0.03139375135703513,0.04076726472368628
s14-a10-REROUTE-r02,s14,a10,REROUTE,pre-fault,0.04598187527599387,0.03718697473254901
s14-a10-REROUTE-r03,s14,a10,REROUTE,pre-fault,0.046051817969261645,0.037425224011568614
s14-a10-REROUTE-r04,s14,a10,REROUTE,pre-fault,0.03146008648791416,0.030143069594862744
s14-a10-REROUTE-r05,s14,a10,REROUTE,pre-fault,0.03178713345890612,0.030181890324117656
s14-a10-THROTTLE-r01,s14,a10,THROTTLE,pre-fault,0.2852923783966314,0.3889497686702426
s14-a10-THROTTLE-r02,s14,a10,THROTTLE,pre-fault,0.29694135066688654,0.4006298459128192
s14-a10-THROTTLE-r03,s14,a10,THROTTLE,pre-fault,0.2849883740967925,0.39408542887523895
s14-a10-THROTTLE-r04,s14,a10,THROTTLE,pre-fault,0.2854048320793892,0.3938216141834364
s14-a10-THROTTLE-r05,s14,a10,THROTTLE,pre-fault,0.2856205150174533,0.4017450611516369
s14-a14-NO_OP-r01,s14,a14,NO_OP,pre-fault,0.19064905213640382,0.037576073593428586
s14-a14-NO_OP-r02,s14,a14,NO_OP,pre-fault,0.17563836232441993,0.030133663552190517
s14-a14-NO_OP-r03,s14,a14,NO_OP,pre-fault,0.1788844791279663,0.03020160321133332
s14-a14-NO_OP-r04,s14,a14,NO_OP,pre-fault,0.17845496764807708,0.030240101192984172
s14-a14-NO_OP-r05,s14,a14,NO_OP,pre-fault,0.19502459856033275,0.043890735800920636
s14-a14-REROUTE-r01,s14,a14,REROUTE,pre-fault,0.04028691719140376,0.03579520431009522
s14-a14-REROUTE-r02,s14,a14,REROUTE,pre-fault,0.030688087889535566,0.029822413653999985
s14-a14-REROUTE-r03,s14,a14,REROUTE,pre-fault,0.04168705828301816,0.03651469118193657
s14-a14-REROUTE-r04,s14,a14,REROUTE,pre-fault,0.03082693183674653,0.030135720167587282
s14-a14-REROUTE-r05,s14,a14,REROUTE,pre-fault,0.03092987375306586,0.030239261251492084
s14-a14-THROTTLE-r01,s14,a14,THROTTLE,pre-fault,0.24318577115940293,0.3238974624267048
s14-a14-THROTTLE-r02,s14,a14,THROTTLE,pre-fault,0.24193934250720323,0.32350473494259047
s14-a14-THROTTLE-r03,s14,a14,THROTTLE,pre-fault,0.24329924449868406,0.3251161814834286
s14-a14-THROTTLE-r04,s14,a14,THROTTLE,pre-fault,0.24294643375083974,0.3237771870330286
s14-a14-THROTTLE-r05,s14,a14,THROTTLE,pre-fault,0.25501639212541805,0.33246343551078095
s14-a18-NO_OP-r01,s14,a18,NO_OP,spanning,0.15916950279656375,0.09823560041512605
s14-a18-NO_OP-r02,s14,a18,NO_OP,spanning,0.15551489848206282,0.0942873822080673
s14-a18-NO_OP-r03,s14,a18,NO_OP,spanning,0.1728751850116976,0.10211707724182073
s14-a18-NO_OP-r04,s14,a18,NO_OP,spanning,0.17478573453245014,0.10570602574991593
s14-a18-NO_OP-r05,s14,a18,NO_OP,spanning,0.16319045480854794,0.1064652429971428
s14-a18-REROUTE-r01,s14,a18,REROUTE,spanning,0.031060707389115896,0.030418749744693316
s14-a18-REROUTE-r02,s14,a18,REROUTE,spanning,0.030831586999154562,0.030187941107333333
s14-a18-REROUTE-r03,s14,a18,REROUTE,spanning,0.060735800206234015,0.049866678890186616
s14-a18-REROUTE-r04,s14,a18,REROUTE,spanning,0.03069239096343735,0.03013723385093335
s14-a18-REROUTE-r05,s14,a18,REROUTE,spanning,0.03787791395144509,0.03479358699482669
s14-a18-THROTTLE-r01,s14,a18,THROTTLE,spanning,0.2204069064307871,0.28247817489479066
s14-a18-THROTTLE-r02,s14,a18,THROTTLE,spanning,0.21239590430550692,0.2665580217817364
s14-a18-THROTTLE-r03,s14,a18,THROTTLE,spanning,0.21793018185111346,0.2810605119995348
s14-a18-THROTTLE-r04,s14,a18,THROTTLE,spanning,0.21750292925730302,0.2809385987494264
s14-a18-THROTTLE-r05,s14,a18,THROTTLE,spanning,0.21900818326781657,0.28199053234672866
s14-a22-NO_OP-r01,s14,a22,NO_OP,spanning,0.13698573003463133,0.18579404619741693
s14-a22-NO_OP-r02,s14,a22,NO_OP,spanning,0.13612571329515738,0.18598004047227693
s14-a22-NO_OP-r03,s14,a22,NO_OP,spanning,0.13351993375062285,0.1857099001867807
s14-a22-NO_OP-r04,s14,a22,NO_OP,spanning,0.15998741549275253,0.19837451545987106
s14-a22-NO_OP-r05,s14,a22,NO_OP,spanning,0.13599032056294663,0.18659702343792584
s14-a22-REROUTE-r01,s14,a22,REROUTE,spanning,0.03047945884896751,0.030105074219011502
s14-a22-REROUTE-r02,s14,a22,REROUTE,spanning,0.030255937673198643,0.029913254499494276
s14-a22-REROUTE-r03,s14,a22,REROUTE,spanning,0.030421336173857526,0.03043560485579315
s14-a22-REROUTE-r04,s14,a22,REROUTE,spanning,0.035785352375494246,0.033932763429425285
s14-a22-REROUTE-r05,s14,a22,REROUTE,spanning,0.047485135219747246,0.0420300669016322
s14-a22-THROTTLE-r01,s14,a22,THROTTLE,spanning,0.19481049030015202,0.2475283090763633
s14-a22-THROTTLE-r02,s14,a22,THROTTLE,spanning,0.19343254873188956,0.2477744785627911
s14-a22-THROTTLE-r03,s14,a22,THROTTLE,spanning,0.19961485688677943,0.25171248315758754
s14-a22-THROTTLE-r04,s14,a22,THROTTLE,spanning,0.18844525880392438,0.24344161139233744
s14-a22-THROTTLE-r05,s14,a22,THROTTLE,spanning,0.1949071243867837,0.24718836532307603
s14-a26-NO_OP-r01,s14,a26,NO_OP,post-onset,0.2344326838282946,0.26436695591650355
s14-a26-NO_OP-r02,s14,a26,NO_OP,post-onset,0.23503911757502058,0.2662437223962004
s14-a26-NO_OP-r03,s14,a26,NO_OP,post-onset,0.22997360725007074,0.26196198705438223
s14-a26-NO_OP-r04,s14,a26,NO_OP,post-onset,0.2340610084092338,0.2639165854147552
s14-a26-NO_OP-r05,s14,a26,NO_OP,post-onset,0.23566212527049757,0.2672393720637994
s14-a26-REROUTE-r01,s14,a26,REROUTE,post-onset,0.07122619658175344,0.09827623142638384
s14-a26-REROUTE-r02,s14,a26,REROUTE,post-onset,0.07573468967259728,0.10256731587828291
s14-a26-REROUTE-r03,s14,a26,REROUTE,post-onset,0.07611715199658362,0.0994054614443232
s14-a26-REROUTE-r04,s14,a26,REROUTE,post-onset,0.07842618397086012,0.10439356093650506
s14-a26-REROUTE-r05,s14,a26,REROUTE,post-onset,0.08441307592318163,0.10472060765678784
s14-a26-THROTTLE-r01,s14,a26,THROTTLE,post-onset,0.24055614583748658,0.30895801214468543
s14-a26-THROTTLE-r02,s14,a26,THROTTLE,post-onset,0.23683327609661853,0.3049139823033566
s14-a26-THROTTLE-r03,s14,a26,THROTTLE,post-onset,0.23131855997469003,0.3003517303240326
s14-a26-THROTTLE-r04,s14,a26,THROTTLE,post-onset,0.2346913679999657,0.30420554122027976
s14-a26-THROTTLE-r05,s14,a26,THROTTLE,post-onset,0.23691965233676082,0.30556140739787885
s14-a30-NO_OP-r01,s14,a30,NO_OP,post-onset,0.29691547511696226,0.327182220118165
s14-a30-NO_OP-r02,s14,a30,NO_OP,post-onset,0.30013253183962724,0.3311599723053735
s14-a30-NO_OP-r03,s14,a30,NO_OP,post-onset,0.29907543122414587,0.32915788617651165
s14-a30-NO_OP-r04,s14,a30,NO_OP,post-onset,0.2995378595251722,0.3304712200914531
s14-a30-NO_OP-r05,s14,a30,NO_OP,post-onset,0.2960980274176973,0.32588383005607907
s14-a30-REROUTE-r01,s14,a30,REROUTE,post-onset,0.15831262539405383,0.17477334827836036
s14-a30-REROUTE-r02,s14,a30,REROUTE,post-onset,0.15668801815107583,0.1731318709641441
s14-a30-REROUTE-r03,s14,a30,REROUTE,post-onset,0.15522021263614594,0.17230436795691897
s14-a30-REROUTE-r04,s14,a30,REROUTE,post-onset,0.15139462945244536,0.16856425149115314
s14-a30-REROUTE-r05,s14,a30,REROUTE,post-onset,0.15517423497510752,0.1714130742658559
s14-a30-THROTTLE-r01,s14,a30,THROTTLE,post-onset,0.3297929083596122,0.3602156758896873
s14-a30-THROTTLE-r02,s14,a30,THROTTLE,post-onset,0.3370348805579925,0.3688877171836623
s14-a30-THROTTLE-r03,s14,a30,THROTTLE,post-onset,0.3408654831051338,0.37088764559312526
s14-a30-THROTTLE-r04,s14,a30,THROTTLE,post-onset,0.3299353767999033,0.3614874807759668
s14-a30-THROTTLE-r05,s14,a30,THROTTLE,post-onset,0.331209297573301,0.36190243646349385
s15-a02-NO_OP-r01,s15,a02,NO_OP,pre-fault,0.603136466118,0.02986013486592593
s15-a02-NO_OP-r02,s15,a02,NO_OP,pre-fault,0.6061462892486666,0.0599813721562963
s15-a02-NO_OP-r03,s15,a02,NO_OP,pre-fault,0.605400633556,0.04033492850481482
s15-a02-NO_OP-r04,s15,a02,NO_OP,pre-fault,0.6039013667225333,0.030045256027703682
s15-a02-NO_OP-r05,s15,a02,NO_OP,pre-fault,0.6052835842708001,0.029780297512888895
s15-a02-REROUTE-r01,s15,a02,REROUTE,pre-fault,0.060155747390888886,0.02985975690118516
s15-a02-REROUTE-r02,s15,a02,REROUTE,pre-fault,0.061733510783222215,0.02986039278755558
s15-a02-REROUTE-r03,s15,a02,REROUTE,pre-fault,0.06243890472922222,0.03014931907111111
s15-a02-REROUTE-r04,s15,a02,REROUTE,pre-fault,0.05952722716111111,0.04349441630829626
s15-a02-REROUTE-r05,s15,a02,REROUTE,pre-fault,0.06017544103888889,0.029899685049333338
s15-a02-THROTTLE-r01,s15,a02,THROTTLE,pre-fault,0.6038491554091999,0.7007744317271514
s15-a02-THROTTLE-r02,s15,a02,THROTTLE,pre-fault,0.6061178859894667,0.7092039556710303
s15-a02-THROTTLE-r03,s15,a02,THROTTLE,pre-fault,0.6068663163226666,0.7046012629787879
s15-a02-THROTTLE-r04,s15,a02,THROTTLE,pre-fault,0.6868299570725334,0.7241935287186667
s15-a02-THROTTLE-r05,s15,a02,THROTTLE,pre-fault,0.6039150635465332,0.7077533589556364
s15-a06-NO_OP-r01,s15,a06,NO_OP,pre-fault,0.28504723109575236,0.030118837460923087
s15-a06-NO_OP-r02,s15,a06,NO_OP,pre-fault,0.2818735890322476,0.02973729954928204
s15-a06-NO_OP-r03,s15,a06,NO_OP,pre-fault,0.36105917339293336,0.04970963279948723
s15-a06-NO_OP-r04,s15,a06,NO_OP,pre-fault,0.31582366068824763,0.04701244885682052
s15-a06-NO_OP-r05,s15,a06,NO_OP,pre-fault,0.3280006065117524,0.04465108992502561
s15-a06-REROUTE-r01,s15,a06,REROUTE,pre-fault,0.055334931142370924,0.037545640014051265
s15-a06-REROUTE-r02,s15,a06,REROUTE,pre-fault,0.03432141091118545,0.029983376019692306
s15-a06-REROUTE-r03,s15,a06,REROUTE,pre-fault,0.07240945886997494,0.04379449855738462
s15-a06-REROUTE-r04,s15,a06,REROUTE,pre-fault,0.034295592137270674,0.03889931649117946
s15-a06-REROUTE-r05,s15,a06,REROUTE,pre-fault,0.06893696728803259,0.04199196428528207
s15-a06-THROTTLE-r01,s15,a06,THROTTLE,pre-fault,0.3433961264229428,0.5099939559734521
s15-a06-THROTTLE-r02,s15,a06,THROTTLE,pre-fault,0.34204778677523806,0.5076628545026451
s15-a06-THROTTLE-r03,s15,a06,THROTTLE,pre-fault,0.34324479663435237,0.5151665113112712
s15-a06-THROTTLE-r04,s15,a06,THROTTLE,pre-fault,0.3432927586587523,0.5073124156765398
s15-a06-THROTTLE-r05,s15,a06,THROTTLE,pre-fault,0.37625219336531424,0.5228995629483184
s15-a10-NO_OP-r01,s15,a10,NO_OP,pre-fault,0.25113751503279835,0.04282415365737251
s15-a10-NO_OP-r02,s15,a10,NO_OP,pre-fault,0.2173099796788066,0.03600842590552941
s15-a10-NO_OP-r03,s15,a10,NO_OP,pre-fault,0.21256245301102877,0.03698703213298037
s15-a10-NO_OP-r04,s15,a10,NO_OP,pre-fault,0.23393064828366253,0.040456115638470604
s15-a10-NO_OP-r05,s15,a10,NO_OP,pre-fault,0.2173090629169547,0.05646771046109801
s15-a10-REROUTE-r01,s15,a10,REROUTE,pre-fault,0.05022035394328883,0.060988973484705875
s15-a10-REROUTE-r02,s15,a10,REROUTE,pre-fault,0.031246950851850423,0.029954871350431386
s15-a10-REROUTE-r03,s15,a10,REROUTE,pre-fault,0.042829061368667355,0.035516081433058844
s15-a10-REROUTE-r04,s15,a10,REROUTE,pre-fault,0.03173717665248447,0.030120503735098055
s15-a10-REROUTE-r05,s15,a10,REROUTE,pre-fault,0.03140845921664371,0.03761857151494118
s15-a10-THROTTLE-r01,s15,a10,THROTTLE,pre-fault,0.2849645162500094,0.40151211636185913
s15-a10-THROTTLE-r02,s15,a10,THROTTLE,pre-fault,0.2850611164231282,0.40196632084657663
s15-a10-THROTTLE-r03,s15,a10,THROTTLE,pre-fault,0.3006578069357584,0.40332864185853307
s15-a10-THROTTLE-r04,s15,a10,THROTTLE,pre-fault,0.30902017282257027,0.4140939939601249
s15-a10-THROTTLE-r05,s15,a10,THROTTLE,pre-fault,0.2846799786281082,0.39096724744722733
s15-a14-NO_OP-r01,s15,a14,NO_OP,pre-fault,0.1915033322786437,0.03411175399444446
s15-a14-NO_OP-r02,s15,a14,NO_OP,pre-fault,0.17249634676350795,0.02976882588231741
s15-a14-NO_OP-r03,s15,a14,NO_OP,pre-fault,0.18371406809881688,0.03445319845120636
s15-a14-NO_OP-r04,s15,a14,NO_OP,pre-fault,0.18501978934145416,0.03606479269187304
s15-a14-NO_OP-r05,s15,a14,NO_OP,pre-fault,0.18183957145273333,0.03016499184552378
s15-a14-REROUTE-r01,s15,a14,REROUTE,pre-fault,0.031070451741251497,0.030145732391714267
s15-a14-REROUTE-r02,s15,a14,REROUTE,pre-fault,0.030505534669393135,0.02978928710511112
s15-a14-REROUTE-r03,s15,a14,REROUTE,pre-fault,0.031001398223481018,0.030079109345015866
s15-a14-REROUTE-r04,s15,a14,REROUTE,pre-fault,0.030725468399312044,0.030116328958095268
s15-a14-REROUTE-r05,s15,a14,REROUTE,pre-fault,0.030690839997007977,0.030019631017650834
s15-a14-THROTTLE-r01,s15,a14,THROTTLE,pre-fault,0.24984230909192112,0.32876013040491425
s15-a14-THROTTLE-r02,s15,a14,THROTTLE,pre-fault,0.2546387070122055,0.33184274067390473
s15-a14-THROTTLE-r03,s15,a14,THROTTLE,pre-fault,0.24932756788050436,0.33039326702727617
s15-a14-THROTTLE-r04,s15,a14,THROTTLE,pre-fault,0.2592982239927777,0.33517031903527617
s15-a14-THROTTLE-r05,s15,a14,THROTTLE,pre-fault,0.250576047472807,0.32922135582316187
s15-a18-NO_OP-r01,s15,a18,NO_OP,spanning,0.1647695616716282,0.05868274338591086
s15-a18-NO_OP-r02,s15,a18,NO_OP,spanning,0.16397262154333292,0.0517168012698785
s15-a18-NO_OP-r03,s15,a18,NO_OP,spanning,0.15370415275241003,0.04734279494933867
s15-a18-NO_OP-r04,s15,a18,NO_OP,spanning,0.16098058439377763,0.048444818338866394
s15-a18-NO_OP-r05,s15,a18,NO_OP,spanning,0.15332181936550351,0.047289113732496675
s15-a18-REROUTE-r01,s15,a18,REROUTE,spanning,0.030420963618567835,0.02990276567248002
s15-a18-REROUTE-r02,s15,a18,REROUTE,spanning,0.03782740638508015,0.034855729842533316
s15-a18-REROUTE-r03,s15,a18,REROUTE,spanning,0.04083407691049605,0.04265494542151996
s15-a18-REROUTE-r04,s15,a18,REROUTE,spanning,0.030294573607925746,0.029944899916560033
s15-a18-REROUTE-r05,s15,a18,REROUTE,spanning,0.0305951040674809,0.030073928724720003
s15-a18-THROTTLE-r01,s15,a18,THROTTLE,spanning,0.21933416398192962,0.2819731915106667
s15-a18-THROTTLE-r02,s15,a18,THROTTLE,spanning,0.22580435716513209,0.2870905781814884
s15-a18-THROTTLE-r03,s15,a18,THROTTLE,spanning,0.2176994953478545,0.28117855895758137
s15-a18-THROTTLE-r04,s15,a18,THROTTLE,spanning,0.21727760516336336,0.28063643674251154
s15-a18-THROTTLE-r05,s15,a18,THROTTLE,spanning,0.2197199271754755,0.2823035509716279
s15-a22-NO_OP-r01,s15,a22,NO_OP,spanning,0.13769978133536545,0.10029476432765527
s15-a22-NO_OP-r02,s15,a22,NO_OP,spanning,0.14983945843220287,0.10894639406929285
s15-a22-NO_OP-r03,s15,a22,NO_OP,spanning,0.1657718005027577,0.12072635881691479
s15-a22-NO_OP-r04,s15,a22,NO_OP,spanning,0.1427503997548,0.09988299788873733
s15-a22-NO_OP-r05,s15,a22,NO_OP,spanning,0.1604436523685433,0.11663179689029121
s15-a22-REROUTE-r01,s15,a22,REROUTE,spanning,0.060049047955309375,0.05074216666850575
s15-a22-REROUTE-r02,s15,a22,REROUTE,spanning,0.03750610293139375,0.03925380519995405
s15-a22-REROUTE-r03,s15,a22,REROUTE,spanning,0.03793599924779159,0.03571981876032182
s15-a22-REROUTE-r04,s15,a22,REROUTE,spanning,0.042813294759996755,0.03880889602087359
s15-a22-REROUTE-r05,s15,a22,REROUTE,spanning,0.04658690979716625,0.048628606756091965
s15-a22-THROTTLE-r01,s15,a22,THROTTLE,spanning,0.18830797785054348,0.2429732437148795
s15-a22-THROTTLE-r02,s15,a22,THROTTLE,spanning,0.18836153738810632,0.2421495111565265
s15-a22-THROTTLE-r03,s15,a22,THROTTLE,spanning,0.20154955958136322,0.25270941108257017
s15-a22-THROTTLE-r04,s15,a22,THROTTLE,spanning,0.18826386944512463,0.24214013763040876
s15-a22-THROTTLE-r05,s15,a22,THROTTLE,spanning,0.1928691625798742,0.24561031538405131
s15-a26-NO_OP-r01,s15,a26,NO_OP,post-onset,0.15710761385545602,0.16558964553611272
s15-a26-NO_OP-r02,s15,a26,NO_OP,post-onset,0.16245213696698896,0.16923025180955062
s15-a26-NO_OP-r03,s15,a26,NO_OP,post-onset,0.14864683673294754,0.1610281545434274
s15-a26-NO_OP-r04,s15,a26,NO_OP,post-onset,0.15662638697056602,0.16408335032110755
s15-a26-NO_OP-r05,s15,a26,NO_OP,post-onset,0.1568787070823513,0.17713387744369896
s15-a26-REROUTE-r01,s15,a26,REROUTE,post-onset,0.04350031246151804,0.05615596915707072
s15-a26-REROUTE-r02,s15,a26,REROUTE,post-onset,0.04348316601119733,0.05889767510355555
s15-a26-REROUTE-r03,s15,a26,REROUTE,post-onset,0.04735329385831635,0.05961826178511108
s15-a26-REROUTE-r04,s15,a26,REROUTE,post-onset,0.044811644823559,0.052994387368606025
s15-a26-REROUTE-r05,s15,a26,REROUTE,post-onset,0.04055186567222402,0.049793345837212094
s15-a26-THROTTLE-r01,s15,a26,THROTTLE,post-onset,0.19411494197616275,0.24644955736025487
s15-a26-THROTTLE-r02,s15,a26,THROTTLE,post-onset,0.1931562608201597,0.24632627480913621
s15-a26-THROTTLE-r03,s15,a26,THROTTLE,post-onset,0.1918767357450165,0.24606567015922343
s15-a26-THROTTLE-r04,s15,a26,THROTTLE,post-onset,0.18595722065627296,0.24037292527878373
s15-a26-THROTTLE-r05,s15,a26,THROTTLE,post-onset,0.1867308838706123,0.24088024618420134
s15-a30-NO_OP-r01,s15,a30,NO_OP,post-onset,0.21804865906043713,0.2257274010617323
s15-a30-NO_OP-r02,s15,a30,NO_OP,post-onset,0.21339028889834713,0.22354555792989822
s15-a30-NO_OP-r03,s15,a30,NO_OP,post-onset,0.2094481651063652,0.22088702837743937
s15-a30-NO_OP-r04,s15,a30,NO_OP,post-onset,0.21241890780242004,0.22228576897534175
s15-a30-NO_OP-r05,s15,a30,NO_OP,post-onset,0.21746337622231113,0.22910424863877177
s15-a30-REROUTE-r01,s15,a30,REROUTE,post-onset,0.08742238585235952,0.09558087235259466
s15-a30-REROUTE-r02,s15,a30,REROUTE,post-onset,0.08728469171535093,0.09528217456149554
s15-a30-REROUTE-r03,s15,a30,REROUTE,post-onset,0.086746577551913,0.09488548102466662
s15-a30-REROUTE-r04,s15,a30,REROUTE,post-onset,0.09178755091941465,0.09954913908196396
s15-a30-REROUTE-r05,s15,a30,REROUTE,post-onset,0.08577484533613519,0.09481602802073878
s15-a30-THROTTLE-r01,s15,a30,THROTTLE,post-onset,0.2212771607402509,0.27378010547378884
s15-a30-THROTTLE-r02,s15,a30,THROTTLE,post-onset,0.21242817963735927,0.2660853814206029
s15-a30-THROTTLE-r03,s15,a30,THROTTLE,post-onset,0.21593330780465753,0.2690467029223149
s15-a30-THROTTLE-r04,s15,a30,THROTTLE,post-onset,0.21866048549489056,0.2738861290488745
s15-a30-THROTTLE-r05,s15,a30,THROTTLE,post-onset,0.21586645750933292,0.268975129881478
s16-a02-NO_OP-r01,s16,a02,NO_OP,spanning,0.6061298516225333,0.08379144016238096
s16-a02-NO_OP-r02,s16,a02,NO_OP,spanning,0.6038348127506666,0.08312408937269841
s16-a02-NO_OP-r03,s16,a02,NO_OP,spanning,0.6039008781591999,0.08374377761571429
s16-a02-NO_OP-r04,s16,a02,NO_OP,spanning,0.6045529627109334,0.08364700116079367
s16-a02-NO_OP-r05,s16,a02,NO_OP,spanning,0.6038684073724,0.08326598228404765
s16-a02-REROUTE-r01,s16,a02,REROUTE,spanning,0.061706700226444436,0.030302581063037078
s16-a02-REROUTE-r02,s16,a02,REROUTE,spanning,0.061690522994777786,0.029910197651629646
s16-a02-REROUTE-r03,s16,a02,REROUTE,spanning,0.060190491373000005,0.02985604089377776
s16-a02-REROUTE-r04,s16,a02,REROUTE,spanning,0.06097338038511112,0.029878377987555573
s16-a02-REROUTE-r05,s16,a02,REROUTE,spanning,0.06017093343788889,0.030013293461925945
s16-a02-THROTTLE-r01,s16,a02,THROTTLE,spanning,0.6061317729581334,0.7082972757723456
s16-a02-THROTTLE-r02,s16,a02,THROTTLE,spanning,0.6068034316873334,0.7029255734722222
s16-a02-THROTTLE-r03,s16,a02,THROTTLE,spanning,0.6061329379224,0.7081059285477778
s16-a02-THROTTLE-r04,s16,a02,THROTTLE,spanning,0.6045677192598666,0.6993110302311112
s16-a02-THROTTLE-r05,s16,a02,THROTTLE,spanning,0.6068354845276,0.7083761254379013
s16-a06-NO_OP-r01,s16,a06,NO_OP,spanning,0.28763158393032384,0.29990159230093844
s16-a06-NO_OP-r02,s16,a06,NO_OP,spanning,0.2839509738096382,0.2996169754101385
s16-a06-NO_OP-r03,s16,a06,NO_OP,spanning,0.31517905854584766,0.3064182918407333
s16-a06-NO_OP-r04,s16,a06,NO_OP,spanning,0.2850224075312572,0.3008034594784718
s16-a06-NO_OP-r05,s16,a06,NO_OP,spanning,0.28338767641622864,0.2996004457136051
s16-a06-REROUTE-r01,s16,a06,REROUTE,spanning,0.034012065182989965,0.04046868873051281
s16-a06-REROUTE-r02,s16,a06,REROUTE,spanning,0.03390064709625064,0.030486586576512816
s16-a06-REROUTE-r03,s16,a06,REROUTE,spanning,0.0814991836298421,0.05600386460548717
s16-a06-REROUTE-r04,s16,a06,REROUTE,spanning,0.03363748118391979,0.04032824305979486
s16-a06-REROUTE-r05,s16,a06,REROUTE,spanning,0.05721726073303007,0.037960212687794884
s16-a06-THROTTLE-r01,s16,a06,THROTTLE,spanning,0.34344470823720946,0.5147309326060171
s16-a06-THROTTLE-r02,s16,a06,THROTTLE,spanning,0.34287230744304753,0.5142979778235727
s16-a06-THROTTLE-r03,s16,a06,THROTTLE,spanning,0.34273753285539044,0.5167451294747578
s16-a06-THROTTLE-r04,s16,a06,THROTTLE,spanning,0.36188053952419996,0.5215431743957949
s16-a06-THROTTLE-r05,s16,a06,THROTTLE,spanning,0.3421878533580952,0.5167686187789801
s16-a10-NO_OP-r01,s16,a10,NO_OP,post-onset,0.3508446001505291,0.4307370533297566
s16-a10-NO_OP-r02,s16,a10,NO_OP,post-onset,0.3507083279434303,0.43064215130044625
s16-a10-NO_OP-r03,s16,a10,NO_OP,post-onset,0.35055654149448856,0.4294618759001589
s16-a10-NO_OP-r04,s16,a10,NO_OP,post-onset,0.3506125092161375,0.4283681587746417
s16-a10-NO_OP-r05,s16,a10,NO_OP,post-onset,0.3505374822737213,0.4308843234028026
s16-a10-REROUTE-r01,s16,a10,REROUTE,post-onset,0.04586140515604077,0.10008624090000001
s16-a10-REROUTE-r02,s16,a10,REROUTE,post-onset,0.046181395812060225,0.09319850569203922
s16-a10-REROUTE-r03,s16,a10,REROUTE,post-onset,0.0863274749962446,0.11150464032674506
s16-a10-REROUTE-r04,s16,a10,REROUTE,post-onset,0.05772105462876523,0.09831519409611762
s16-a10-REROUTE-r05,s16,a10,REROUTE,post-onset,0.06809371240492557,0.10504509177227452
s16-a10-THROTTLE-r01,s16,a10,THROTTLE,post-onset,0.33030088207431924,0.5058104300065449
s16-a10-THROTTLE-r02,s16,a10,THROTTLE,post-onset,0.3308350436234674,0.5048711167963726
s16-a10-THROTTLE-r03,s16,a10,THROTTLE,post-onset,0.3508542366901112,0.5189760349210311
s16-a10-THROTTLE-r04,s16,a10,THROTTLE,post-onset,0.33119315025731927,0.5068523935956829
s16-a10-THROTTLE-r05,s16,a10,THROTTLE,post-onset,0.332123323500843,0.5047031615347058
s16-a14-NO_OP-r01,s16,a14,NO_OP,post-onset,0.46867084277913335,0.5257239045032901
s16-a14-NO_OP-r02,s16,a14,NO_OP,post-onset,0.4792337733969525,0.5306288855549062
s16-a14-NO_OP-r03,s16,a14,NO_OP,post-onset,0.4670183887495404,0.521291960003088
s16-a14-NO_OP-r04,s16,a14,NO_OP,post-onset,0.46766897401416135,0.5254382416683406
s16-a14-NO_OP-r05,s16,a14,NO_OP,post-onset,0.47721268608149936,0.5291976137668254
s16-a14-REROUTE-r01,s16,a14,REROUTE,post-onset,0.22602198091154618,0.24646429115522397
s16-a14-REROUTE-r02,s16,a14,REROUTE,post-onset,0.2109819633727612,0.2404933088253183
s16-a14-REROUTE-r03,s16,a14,REROUTE,post-onset,0.21132523507046894,0.2431556947611692
s16-a14-REROUTE-r04,s16,a14,REROUTE,post-onset,0.21105092377243112,0.2352675283883876
s16-a14-REROUTE-r05,s16,a14,REROUTE,post-onset,0.21127660800465312,0.23518708649931164
s16-a14-THROTTLE-r01,s16,a14,THROTTLE,post-onset,0.5322760927673207,0.5830195665496176
s16-a14-THROTTLE-r02,s16,a14,THROTTLE,post-onset,0.5345451917815118,0.5863547500214359
s16-a14-THROTTLE-r03,s16,a14,THROTTLE,post-onset,0.5325672869411626,0.5841950245661833
s16-a14-THROTTLE-r04,s16,a14,THROTTLE,post-onset,0.5438073111780433,0.5926396328563132
s16-a14-THROTTLE-r05,s16,a14,THROTTLE,post-onset,0.535180990560784,0.5858573903229509
s16-a18-NO_OP-r01,s16,a18,NO_OP,post-onset,0.5452746017963445,0.6005278592585136
s16-a18-NO_OP-r02,s16,a18,NO_OP,post-onset,0.5447330611204783,0.59985381637
s16-a18-NO_OP-r03,s16,a18,NO_OP,post-onset,0.5424757012065169,0.5975176837426578
s16-a18-NO_OP-r04,s16,a18,NO_OP,post-onset,0.5513832349611305,0.609373414896036
s16-a18-NO_OP-r05,s16,a18,NO_OP,post-onset,0.5414466979389062,0.5976975546941441
s16-a18-REROUTE-r01,s16,a18,REROUTE,post-onset,0.33316022155184116,0.3460694076365138
s16-a18-REROUTE-r02,s16,a18,REROUTE,post-onset,0.3402048196584536,0.3522792373320795
s16-a18-REROUTE-r03,s16,a18,REROUTE,post-onset,0.3347166599700646,0.34697045902012225
s16-a18-REROUTE-r04,s16,a18,REROUTE,post-onset,0.33392820307910304,0.3454556579098777
s16-a18-REROUTE-r05,s16,a18,REROUTE,post-onset,0.33157659174646936,0.3454356975148623
s16-a18-THROTTLE-r01,s16,a18,THROTTLE,post-onset,0.5994875444417256,0.649790354118874
s16-a18-THROTTLE-r02,s16,a18,THROTTLE,post-onset,0.5999967542919319,0.650050399871937
s16-a18-THROTTLE-r03,s16,a18,THROTTLE,post-onset,0.5989324734462553,0.6491353647109462
s16-a18-THROTTLE-r04,s16,a18,THROTTLE,post-onset,0.6055145836471043,0.6545642456215317
s16-a18-THROTTLE-r05,s16,a18,THROTTLE,post-onset,0.5997092730449933,0.6496998133988738
s16-a22-NO_OP-r01,s16,a22,NO_OP,post-onset,0.5999930290114536,0.6666399907725692
s16-a22-NO_OP-r02,s16,a22,NO_OP,post-onset,0.59869675862114,0.6646502418672037
s16-a22-NO_OP-r03,s16,a22,NO_OP,post-onset,0.6065661682811353,0.6737848495293579
s16-a22-NO_OP-r04,s16,a22,NO_OP,post-onset,0.6066503558085936,0.6701228924781385
s16-a22-NO_OP-r05,s16,a22,NO_OP,post-onset,0.6030768358721396,0.6673129255407794
s16-a22-REROUTE-r01,s16,a22,REROUTE,post-onset,0.42483714367298026,0.43526474432923073
s16-a22-REROUTE-r02,s16,a22,REROUTE,post-onset,0.4299396472440496,0.43594006954760667
s16-a22-REROUTE-r03,s16,a22,REROUTE,post-onset,0.42390214667306036,0.44129027216664796
s16-a22-REROUTE-r04,s16,a22,REROUTE,post-onset,0.4294407365019131,0.43593180993393155
s16-a22-REROUTE-r05,s16,a22,REROUTE,post-onset,0.42745025196197867,0.43603153381660975
s16-a22-THROTTLE-r01,s16,a22,THROTTLE,post-onset,0.6528812338172597,0.7123676037192219
s16-a22-THROTTLE-r02,s16,a22,THROTTLE,post-onset,0.6496837558426234,0.7137367614016203
s16-a22-THROTTLE-r03,s16,a22,THROTTLE,post-onset,0.6484502378292611,0.7076808432638155
s16-a22-THROTTLE-r04,s16,a22,THROTTLE,post-onset,0.6546580050685685,0.7130056391066191
s16-a22-THROTTLE-r05,s16,a22,THROTTLE,post-onset,0.649611597001428,0.7119781481800758
s16-a26-NO_OP-r01,s16,a26,NO_OP,post-onset,0.6552522614491734,0.7338925187752121
s16-a26-NO_OP-r02,s16,a26,NO_OP,post-onset,0.6613910771968575,0.7381246953388418
s16-a26-NO_OP-r03,s16,a26,NO_OP,post-onset,0.6520464137119053,0.7276143399803738
s16-a26-NO_OP-r04,s16,a26,NO_OP,post-onset,0.6585441507927585,0.7331617712545455
s16-a26-NO_OP-r05,s16,a26,NO_OP,post-onset,0.650691860629735,0.7246702984110402
s16-a26-REROUTE-r01,s16,a26,REROUTE,post-onset,0.5062139955017183,0.5148180670054352
s16-a26-REROUTE-r02,s16,a26,REROUTE,post-onset,0.5000435993209974,0.5162659903509066
s16-a26-REROUTE-r03,s16,a26,REROUTE,post-onset,0.5086487908741337,0.517739644450182
s16-a26-REROUTE-r04,s16,a26,REROUTE,post-onset,0.5080587284498348,0.5152902055276047
s16-a26-REROUTE-r05,s16,a26,REROUTE,post-onset,0.5013443566173663,0.5104845135199152
s16-a26-THROTTLE-r01,s16,a26,THROTTLE,post-onset,0.694326427305016,0.7649233001275353
s16-a26-THROTTLE-r02,s16,a26,THROTTLE,post-onset,0.6946746376338474,0.7657870764869428
s16-a26-THROTTLE-r03,s16,a26,THROTTLE,post-onset,0.700924833564486,0.7691419052989898
s16-a26-THROTTLE-r04,s16,a26,THROTTLE,post-onset,0.6967409990704214,0.7688048993229799
s16-a26-THROTTLE-r05,s16,a26,THROTTLE,post-onset,0.6946790647285771,0.7680075019293502
s16-a30-NO_OP-r01,s16,a30,NO_OP,post-onset,0.7073051270065278,0.7578378378378379
s16-a30-NO_OP-r02,s16,a30,NO_OP,post-onset,0.7006735026411387,0.7578378378378379
s16-a30-NO_OP-r03,s16,a30,NO_OP,post-onset,0.7010357652519734,0.7578378378378379
s16-a30-NO_OP-r04,s16,a30,NO_OP,post-onset,0.6999081936887793,0.7578378378378379
s16-a30-NO_OP-r05,s16,a30,NO_OP,post-onset,0.7039702727773866,0.7578378378378379
s16-a30-REROUTE-r01,s16,a30,REROUTE,post-onset,0.571907834014687,0.5844805863899961
s16-a30-REROUTE-r02,s16,a30,REROUTE,post-onset,0.5735406251123448,0.5850180969131531
s16-a30-REROUTE-r03,s16,a30,REROUTE,post-onset,0.5787246500139663,0.6116659651827744
s16-a30-REROUTE-r04,s16,a30,REROUTE,post-onset,0.564050160705036,0.5776025787767369
s16-a30-REROUTE-r05,s16,a30,REROUTE,post-onset,0.5707731730691048,0.5841562707057396
s16-a30-THROTTLE-r01,s16,a30,THROTTLE,post-onset,0.7380564629194357,0.792972972972973
s16-a30-THROTTLE-r02,s16,a30,THROTTLE,post-onset,0.7467431365114474,0.7978378378378379
s16-a30-THROTTLE-r03,s16,a30,THROTTLE,post-onset,0.7369773774603934,0.792972972972973
s16-a30-THROTTLE-r04,s16,a30,THROTTLE,post-onset,0.7484052952193512,0.8002702702702702
s16-a30-THROTTLE-r05,s16,a30,THROTTLE,post-onset,0.7416361588470264,0.792972972972973
s17-a02-NO_OP-r01,s17,a02,NO_OP,pre-fault,0.6062333002724,0.042594143228296286
s17-a02-NO_OP-r02,s17,a02,NO_OP,pre-fault,0.6045499565244,0.029987007498666646
s17-a02-NO_OP-r03,s17,a02,NO_OP,pre-fault,0.6074978392026666,0.0300363313605926
s17-a02-NO_OP-r04,s17,a02,NO_OP,pre-fault,0.6068465968834666,0.0516564098460741
s17-a02-NO_OP-r05,s17,a02,NO_OP,pre-fault,0.6061147194830666,0.03027817666170369
s17-a02-REROUTE-r01,s17,a02,REROUTE,pre-fault,0.20477148762,0.05389024882844445
s17-a02-REROUTE-r02,s17,a02,REROUTE,pre-fault,0.05952246625344445,0.029919636119555556
s17-a02-REROUTE-r03,s17,a02,REROUTE,pre-fault,0.06022429307288889,0.03001397632081483
s17-a02-REROUTE-r04,s17,a02,REROUTE,pre-fault,0.23173934569055554,0.05511334924970368
s17-a02-REROUTE-r05,s17,a02,REROUTE,pre-fault,0.06027279646622222,0.029968429411111108
s17-a02-THROTTLE-r01,s17,a02,THROTTLE,pre-fault,0.6067801185902667,0.701621983421697
s17-a02-THROTTLE-r02,s17,a02,THROTTLE,pre-fault,0.6039515330516,0.707148506829212
s17-a02-THROTTLE-r03,s17,a02,THROTTLE,pre-fault,0.6061012956785333,0.6675161161004848
s17-a02-THROTTLE-r04,s17,a02,THROTTLE,pre-fault,0.6038711263794666,0.7067750402591944
s17-a02-THROTTLE-r05,s17,a02,THROTTLE,pre-fault,0.6045710539572,0.7044993555168484
s17-a06-NO_OP-r01,s17,a06,NO_OP,spanning,0.28868255155424766,0.05491097330882374
s17-a06-NO_OP-r02,s17,a06,NO_OP,spanning,0.28443254622569525,0.05475097450019938
s17-a06-NO_OP-r03,s17,a06,NO_OP,spanning,0.3195439497054286,0.06438856430800166
s17-a06-NO_OP-r04,s17,a06,NO_OP,spanning,0.28497819174971434,0.06562570865864467
s17-a06-NO_OP-r05,s17,a06,NO_OP,spanning,0.36019620638123806,0.0734906832637281
s17-a06-REROUTE-r01,s17,a06,REROUTE,spanning,0.07378395200032331,0.044722546361435925
s17-a06-REROUTE-r02,s17,a06,REROUTE,spanning,0.0681767483332707,0.05194214386005129
s17-a06-REROUTE-r03,s17,a06,REROUTE,spanning,0.06293910370771429,0.039969816512102574
s17-a06-REROUTE-r04,s17,a06,REROUTE,spanning,0.034319286427501254,0.03058325990420512
s17-a06-REROUTE-r05,s17,a06,REROUTE,spanning,0.03367387619215037,0.029679824700923063
s17-a06-THROTTLE-r01,s17,a06,THROTTLE,spanning,0.34234899205588565,0.5073068729732416
s17-a06-THROTTLE-r02,s17,a06,THROTTLE,spanning,0.34407474893436185,0.5078375388147853
s17-a06-THROTTLE-r03,s17,a06,THROTTLE,spanning,0.34429105542200944,0.5076963468948557
s17-a06-THROTTLE-r04,s17,a06,THROTTLE,spanning,0.3430157114863047,0.5068554244356978
s17-a06-THROTTLE-r05,s17,a06,THROTTLE,spanning,0.34459047352339045,0.507897463917803
s17-a10-NO_OP-r01,s17,a10,NO_OP,spanning,0.23221298984925925,0.21484765141704834
s17-a10-NO_OP-r02,s17,a10,NO_OP,spanning,0.23452992216818927,0.21908157982825097
s17-a10-NO_OP-r03,s17,a10,NO_OP,spanning,0.2175725922538683,0.2197455717524157
s17-a10-NO_OP-r04,s17,a10,NO_OP,spanning,0.2379023696941152,0.22376277969917907
s17-a10-NO_OP-r05,s17,a10,NO_OP,spanning,0.21280839789934153,0.20896858600910842
s17-a10-REROUTE-r01,s17,a10,REROUTE,spanning,0.03202568554039286,0.03790568680450981
s17-a10-REROUTE-r02,s17,a10,REROUTE,spanning,0.043593330444262154,0.04226709778831376
s17-a10-REROUTE-r03,s17,a10,REROUTE,spanning,0.03152800264983394,0.03762869272090196
s17-a10-REROUTE-r04,s17,a10,REROUTE,spanning,0.03183667826027227,0.03049480939650981
s17-a10-REROUTE-r05,s17,a10,REROUTE,spanning,0.03164547286012347,0.030121502068117673
s17-a10-THROTTLE-r01,s17,a10,THROTTLE,spanning,0.28422938674706055,0.3943366747093623
s17-a10-THROTTLE-r02,s17,a10,THROTTLE,spanning,0.29487950411822517,0.39930220569118374
s17-a10-THROTTLE-r03,s17,a10,THROTTLE,spanning,0.28568443141072963,0.39410614551405376
s17-a10-THROTTLE-r04,s17,a10,THROTTLE,spanning,0.28403007359635213,0.39319055030773276
s17-a10-THROTTLE-r05,s17,a10,THROTTLE,spanning,0.30162333118804646,0.4035357361305592
s17-a14-NO_OP-r01,s17,a14,NO_OP,post-onset,0.25537436802838015,0.3227592650945867
s17-a14-NO_OP-r02,s17,a14,NO_OP,post-onset,0.24996755744036708,0.3196203460196278
s17-a14-NO_OP-r03,s17,a14,NO_OP,post-onset,0.268549849061685,0.3309902181428845
s17-a14-NO_OP-r04,s17,a14,NO_OP,post-onset,0.2505243608896904,0.3191576896398194
s17-a14-NO_OP-r05,s17,a14,NO_OP,post-onset,0.25891725246561925,0.3247634333658128
s17-a14-REROUTE-r01,s17,a14,REROUTE,post-onset,0.038042847228500085,0.06694557800914286
s17-a14-REROUTE-r02,s17,a14,REROUTE,post-onset,0.03703967751872532,0.06668041508466668
s17-a14-REROUTE-r03,s17,a14,REROUTE,post-onset,0.03847024823416166,0.06699704281066664
s17-a14-REROUTE-r04,s17,a14,REROUTE,post-onset,0.04653748722812545,0.07163731472892063
s17-a14-REROUTE-r05,s17,a14,REROUTE,post-onset,0.03795968446579049,0.06692137028193648
s17-a14-THROTTLE-r01,s17,a14,THROTTLE,post-onset,0.25958261245780756,0.38199939562473445
s17-a14-THROTTLE-r02,s17,a14,THROTTLE,post-onset,0.2744741796640135,0.39078169943984126
s17-a14-THROTTLE-r03,s17,a14,THROTTLE,post-onset,0.26949117577266607,0.3860133350967707
s17-a14-THROTTLE-r04,s17,a14,THROTTLE,post-onset,0.27853813527782056,0.39221461990521617
s17-a14-THROTTLE-r05,s17,a14,THROTTLE,post-onset,0.27098965105598477,0.38910626161402845
s17-a18-NO_OP-r01,s17,a18,NO_OP,post-onset,0.37721914812303287,0.41273669431282833
s17-a18-NO_OP-r02,s17,a18,NO_OP,post-onset,0.37874434379546906,0.415708655590606
s17-a18-NO_OP-r03,s17,a18,NO_OP,post-onset,0.3725644896254417,0.41457330460653197
s17-a18-NO_OP-r04,s17,a18,NO_OP,post-onset,0.3642605026343047,0.40244149675589225
s17-a18-NO_OP-r05,s17,a18,NO_OP,post-onset,0.3648162246053148,0.4029907687917845
s17-a18-REROUTE-r01,s17,a18,REROUTE,post-onset,0.16786834122768868,0.17757997555032
s17-a18-REROUTE-r02,s17,a18,REROUTE,post-onset,0.1666700013511162,0.17696604476394662
s17-a18-REROUTE-r03,s17,a18,REROUTE,post-onset,0.17468328148659856,0.1830135307476533
s17-a18-REROUTE-r04,s17,a18,REROUTE,post-onset,0.16163400379359036,0.17989315744221332
s17-a18-REROUTE-r05,s17,a18,REROUTE,post-onset,0.16841824800313576,0.17836896231565333
s17-a18-THROTTLE-r01,s17,a18,THROTTLE,post-onset,0.39821590523608774,0.45453618653993266
s17-a18-THROTTLE-r02,s17,a18,THROTTLE,post-onset,0.39831842270638435,0.4541950059910774
s17-a18-THROTTLE-r03,s17,a18,THROTTLE,post-onset,0.40665912661411774,0.4665907375250505
s17-a18-THROTTLE-r04,s17,a18,THROTTLE,post-onset,0.40235171932345026,0.45822002772723913
s17-a18-THROTTLE-r05,s17,a18,THROTTLE,post-onset,0.39838741168060227,0.45422308406444434
s17-a22-NO_OP-r01,s17,a22,NO_OP,post-onset,0.4356640357939431,0.4717353696602143
s17-a22-NO_OP-r02,s17,a22,NO_OP,post-onset,0.44654214641901246,0.48102412225644714
s17-a22-NO_OP-r03,s17,a22,NO_OP,post-onset,0.44077067109688006,0.47544118930376605
s17-a22-NO_OP-r04,s17,a22,NO_OP,post-onset,0.4347778415715917,0.47081706603994417
s17-a22-NO_OP-r05,s17,a22,NO_OP,post-onset,0.4353762413144162,0.47071130838288694
s17-a22-REROUTE-r01,s17,a22,REROUTE,post-onset,0.26358564238074705,0.2725804151132414
s17-a22-REROUTE-r02,s17,a22,REROUTE,post-onset,0.2732194380852774,0.27420206818245974
s17-a22-REROUTE-r03,s17,a22,REROUTE,post-onset,0.2626039331795601,0.26315212836685054
s17-a22-REROUTE-r04,s17,a22,REROUTE,post-onset,0.274818785523567,0.2712119158693103
s17-a22-REROUTE-r05,s17,a22,REROUTE,post-onset,0.2634459272585331,0.27095759655572427
s17-a22-THROTTLE-r01,s17,a22,THROTTLE,post-onset,0.4935176326084171,0.5236139780731345
s17-a22-THROTTLE-r02,s17,a22,THROTTLE,post-onset,0.4902751889012377,0.5217070780056674
s17-a22-THROTTLE-r03,s17,a22,THROTTLE,post-onset,0.4879855691463809,0.5201401179893745
s17-a22-THROTTLE-r04,s17,a22,THROTTLE,post-onset,0.4829532218292302,0.5146676412730569
s17-a22-THROTTLE-r05,s17,a22,THROTTLE,post-onset,0.4890842956010735,0.5244307667654003
s17-a26-NO_OP-r01,s17,a26,NO_OP,post-onset,0.4892650434790175,0.5304085397273465
s17-a26-NO_OP-r02,s17,a26,NO_OP,post-onset,0.48766951383303814,0.5297422937965337
s17-a26-NO_OP-r03,s17,a26,NO_OP,post-onset,0.4884401692544979,0.5314523644481327
s17-a26-NO_OP-r04,s17,a26,NO_OP,post-onset,0.495537961535108,0.5355837947611778
s17-a26-NO_OP-r05,s17,a26,NO_OP,post-onset,0.497356083594389,0.5435357568692165
s17-a26-REROUTE-r01,s17,a26,REROUTE,post-onset,0.3381565164046401,0.351215259880652
s17-a26-REROUTE-r02,s17,a26,REROUTE,post-onset,0.33200479631012814,0.3407100567443632
s17-a26-REROUTE-r03,s17,a26,REROUTE,post-onset,0.33185028896722224,0.34224730549326626
s17-a26-REROUTE-r04,s17,a26,REROUTE,post-onset,0.33353711107299927,0.3407761476841945
s17-a26-REROUTE-r05,s17,a26,REROUTE,post-onset,0.33175703331175305,0.3477018683244707
s17-a26-THROTTLE-r01,s17,a26,THROTTLE,post-onset,0.5321723373040917,0.5707140443352154
s17-a26-THROTTLE-r02,s17,a26,THROTTLE,post-onset,0.5297352157679937,0.5672372227820177
s17-a26-THROTTLE-r03,s17,a26,THROTTLE,post-onset,0.536333021181923,0.5746405005638308
s17-a26-THROTTLE-r04,s17,a26,THROTTLE,post-onset,0.5425504273957417,0.5787640795191279
s17-a26-THROTTLE-r05,s17,a26,THROTTLE,post-onset,0.5351504619230005,0.5729349247467159
s17-a30-NO_OP-r01,s17,a30,NO_OP,post-onset,0.5339597536968629,0.5798554656391285
s17-a30-NO_OP-r02,s17,a30,NO_OP,post-onset,0.533785245561868,0.580022610780437
s17-a30-NO_OP-r03,s17,a30,NO_OP,post-onset,0.5393550588942931,0.5857511603305444
s17-a30-NO_OP-r04,s17,a30,NO_OP,post-onset,0.5411530804266361,0.5869921050440391
s17-a30-NO_OP-r05,s17,a30,NO_OP,post-onset,0.5347928990289462,0.5813381272834003
s17-a30-REROUTE-r01,s17,a30,REROUTE,post-onset,0.41161932665164286,0.4152135722441717
s17-a30-REROUTE-r02,s17,a30,REROUTE,post-onset,0.4099927890026644,0.43947806013155416
s17-a30-REROUTE-r03,s17,a30,REROUTE,post-onset,0.40186429905686605,0.4076586542049195
s17-a30-REROUTE-r04,s17,a30,REROUTE,post-onset,0.40779108105437517,0.42006153510428634
s17-a30-REROUTE-r05,s17,a30,REROUTE,post-onset,0.40186212501972807,0.4076321352360175
s17-a30-THROTTLE-r01,s17,a30,THROTTLE,post-onset,0.5770128883431037,0.6219916586530538
s17-a30-THROTTLE-r02,s17,a30,THROTTLE,post-onset,0.575134344317991,0.6167541387713006
s17-a30-THROTTLE-r03,s17,a30,THROTTLE,post-onset,0.5760764111465778,0.6187010455276708
s17-a30-THROTTLE-r04,s17,a30,THROTTLE,post-onset,0.5736455685550021,0.6162563686971773
s17-a30-THROTTLE-r05,s17,a30,THROTTLE,post-onset,0.5735802036550592,0.6160903559314487
s18-a02-NO_OP-r01,s18,a02,NO_OP,pre-fault,0.6067981188102667,0.03016791168429632
s18-a02-NO_OP-r02,s18,a02,NO_OP,pre-fault,0.6045690771401333,0.03002008668859256
s18-a02-NO_OP-r03,s18,a02,NO_OP,pre-fault,0.6061056267814666,0.0496944608834074
s18-a02-NO_OP-r04,s18,a02,NO_OP,pre-fault,0.6054306902609333,0.049123545100444435
s18-a02-NO_OP-r05,s18,a02,NO_OP,pre-fault,0.6068118520874667,0.030315437638518496
s18-a02-REROUTE-r01,s18,a02,REROUTE,pre-fault,0.21135205483388889,0.0550265407185185
s18-a02-REROUTE-r02,s18,a02,REROUTE,pre-fault,0.06177037483977778,0.029945015911407413
s18-a02-REROUTE-r03,s18,a02,REROUTE,pre-fault,0.059539499047666665,0.029895400478888858
s18-a02-REROUTE-r04,s18,a02,REROUTE,pre-fault,0.05947681578122222,0.03001022673288889
s18-a02-REROUTE-r05,s18,a02,REROUTE,pre-fault,0.06246782490122222,0.0300423154297037
s18-a02-THROTTLE-r01,s18,a02,THROTTLE,pre-fault,0.6068493270130667,0.7038261834951516
s18-a02-THROTTLE-r02,s18,a02,THROTTLE,pre-fault,0.6067619610233334,0.7053195996253332
s18-a02-THROTTLE-r03,s18,a02,THROTTLE,pre-fault,0.6044621277513333,0.7041438653677576
s18-a02-THROTTLE-r04,s18,a02,THROTTLE,pre-fault,0.6068347422294667,0.7082186319315151
s18-a02-THROTTLE-r05,s18,a02,THROTTLE,pre-fault,0.6067988054729334,0.7097532392584243
s18-a06-NO_OP-r01,s18,a06,NO_OP,pre-fault,0.3196217172735619,0.039782028625487215
s18-a06-NO_OP-r02,s18,a06,NO_OP,pre-fault,0.2871365194423238,0.03710420229199997
s18-a06-NO_OP-r03,s18,a06,NO_OP,pre-fault,0.32651979070504766,0.04496908086256413
s18-a06-NO_OP-r04,s18,a06,NO_OP,pre-fault,0.3161674391551047,0.04746690350394872
s18-a06-NO_OP-r05,s18,a06,NO_OP,pre-fault,0.28655229458687614,0.03046041255158979
s18-a06-REROUTE-r01,s18,a06,REROUTE,pre-fault,0.03390153268193735,0.03796321945733333
s18-a06-REROUTE-r02,s18,a06,REROUTE,pre-fault,0.08662638446190227,0.054511832881538436
s18-a06-REROUTE-r03,s18,a06,REROUTE,pre-fault,0.034079687170468664,0.037480847178717955
s18-a06-REROUTE-r04,s18,a06,REROUTE,pre-fault,0.034135060910912285,0.0298946246394359
s18-a06-REROUTE-r05,s18,a06,REROUTE,pre-fault,0.033919453502147874,0.040341579066205155
s18-a06-THROTTLE-r01,s18,a06,THROTTLE,pre-fault,0.3439496807347047,0.5089307179346452
s18-a06-THROTTLE-r02,s18,a06,THROTTLE,pre-fault,0.34303103216390474,0.5072257677601189
s18-a06-THROTTLE-r03,s18,a06,THROTTLE,pre-fault,0.34185668731132374,0.507298676554575
s18-a06-THROTTLE-r04,s18,a06,THROTTLE,pre-fault,0.34286389409764756,0.5074985881587152
s18-a06-THROTTLE-r05,s18,a06,THROTTLE,pre-fault,0.34171689996853327,0.5076799758746451
s18-a10-NO_OP-r01,s18,a10,NO_OP,pre-fault,0.20929576975720166,0.029939320232549083
s18-a10-NO_OP-r02,s18,a10,NO_OP,pre-fault,0.2158254603026749,0.030509927667058824
s18-a10-NO_OP-r03,s18,a10,NO_OP,pre-fault,0.21981720467300414,0.037508737672901984
s18-a10-NO_OP-r04,s18,a10,NO_OP,pre-fault,0.21629908017510285,0.03697230301858825
s18-a10-NO_OP-r05,s18,a10,NO_OP,pre-fault,0.21129864796012346,0.02966539721035289
s18-a10-REROUTE-r01,s18,a10,REROUTE,pre-fault,0.03166450825017322,0.030506095279960756
s18-a10-REROUTE-r02,s18,a10,REROUTE,pre-fault,0.061606694716645614,0.05179665248113728
s18-a10-REROUTE-r03,s18,a10,REROUTE,pre-fault,0.04448122491887452,0.04308099799525489
s18-a10-REROUTE-r04,s18,a10,REROUTE,pre-fault,0.0314711353065212,0.030226828722392185
s18-a10-REROUTE-r05,s18,a10,REROUTE,pre-fault,0.04468649472612498,0.043954767763999994
s18-a10-THROTTLE-r01,s18,a10,THROTTLE,pre-fault,0.2986756702674539,0.4039889122240087
s18-a10-THROTTLE-r02,s18,a10,THROTTLE,pre-fault,0.2846411159474721,0.393419069568671
s18-a10-THROTTLE-r03,s18,a10,THROTTLE,pre-fault,0.3089764024857743,0.4070828343854582
s18-a10-THROTTLE-r04,s18,a10,THROTTLE,pre-fault,0.3017978978501305,0.4110561549212026
s18-a10-THROTTLE-r05,s18,a10,THROTTLE,pre-fault,0.2848720745008325,0.394512504004276
s18-a14-NO_OP-r01,s18,a14,NO_OP,spanning,0.17915444468075953,0.04103355975497249
s18-a14-NO_OP-r02,s18,a14,NO_OP,spanning,0.1775248142002288,0.04084359612804945
s18-a14-NO_OP-r03,s18,a14,NO_OP,spanning,0.17826287379972713,0.040766540986799535
s18-a14-NO_OP-r04,s18,a14,NO_OP,spanning,0.19433659160524475,0.04947895786297616
s18-a14-NO_OP-r05,s18,a14,NO_OP,spanning,0.20295544327577125,0.0521971911225687
s18-a14-REROUTE-r01,s18,a14,REROUTE,spanning,0.04458432724049617,0.04813039363355551
s18-a14-REROUTE-r02,s18,a14,REROUTE,spanning,0.030756754552885568,0.030003497095904774
s18-a14-REROUTE-r03,s18,a14,REROUTE,spanning,0.030960910152449284,0.030275504285682504
s18-a14-REROUTE-r04,s18,a14,REROUTE,spanning,0.06601194100779918,0.057199162115492065
s18-a14-REROUTE-r05,s18,a14,REROUTE,spanning,0.03131064176013554,0.030317336590476158
s18-a14-THROTTLE-r01,s18,a14,THROTTLE,spanning,0.24180407669776638,0.323727928670819
s18-a14-THROTTLE-r02,s18,a14,THROTTLE,spanning,0.2550173610515805,0.33415138248921905
s18-a14-THROTTLE-r03,s18,a14,THROTTLE,spanning,0.24207093493086618,0.3235067170593905
s18-a14-THROTTLE-r04,s18,a14,THROTTLE,spanning,0.24297152033759473,0.32308228885188567
s18-a14-THROTTLE-r05,s18,a14,THROTTLE,spanning,0.2656541887071654,0.3412908983285333
s18-a18-NO_OP-r01,s18,a18,NO_OP,spanning,0.15736206092679816,0.08777287361967213
s18-a18-NO_OP-r02,s18,a18,NO_OP,spanning,0.194258413105616,0.10724297521784151
s18-a18-NO_OP-r03,s18,a18,NO_OP,spanning,0.1551988503142147,0.08762193475778687
s18-a18-NO_OP-r04,s18,a18,NO_OP,spanning,0.15213229611574605,0.08745747828535519
s18-a18-NO_OP-r05,s18,a18,NO_OP,spanning,0.16392756613143694,0.09970584101300548
s18-a18-REROUTE-r01,s18,a18,REROUTE,spanning,0.03883990634415122,0.03550395504146668
s18-a18-REROUTE-r02,s18,a18,REROUTE,spanning,0.037153411670149315,0.03427587854135995
s18-a18-REROUTE-r03,s18,a18,REROUTE,spanning,0.041041775342696846,0.03685909181842665
s18-a18-REROUTE-r04,s18,a18,REROUTE,spanning,0.03047974437237781,0.029946622467706664
s18-a18-REROUTE-r05,s18,a18,REROUTE,spanning,0.04392191270731036,0.03881042820200002
s18-a18-THROTTLE-r01,s18,a18,THROTTLE,spanning,0.21208018632929299,0.2766077862587597
s18-a18-THROTTLE-r02,s18,a18,THROTTLE,spanning,0.22172950239984468,0.28404982046679067
s18-a18-THROTTLE-r03,s18,a18,THROTTLE,spanning,0.22010599281197774,0.28259851963652716
s18-a18-THROTTLE-r04,s18,a18,THROTTLE,spanning,0.21239512939136818,0.2769127254419225
s18-a18-THROTTLE-r05,s18,a18,THROTTLE,spanning,0.2172180911417544,0.2805556193945737
s18-a22-NO_OP-r01,s18,a22,NO_OP,post-onset,0.15169729242152322,0.1567058619459376
s18-a22-NO_OP-r02,s18,a22,NO_OP,post-onset,0.16068281235577225,0.16172171297804355
s18-a22-NO_OP-r03,s18,a22,NO_OP,post-onset,0.15075161784197616,0.16079817784764283
s18-a22-NO_OP-r04,s18,a22,NO_OP,post-onset,0.15927317777703634,0.16140510678968228
s18-a22-NO_OP-r05,s18,a22,NO_OP,post-onset,0.15248207791717916,0.15699187527036612
s18-a22-REROUTE-r01,s18,a22,REROUTE,post-onset,0.047624260959101404,0.058115217512965514
s18-a22-REROUTE-r02,s18,a22,REROUTE,post-onset,0.0358516133199052,0.047317333449609214
s18-a22-REROUTE-r03,s18,a22,REROUTE,post-onset,0.04292623497995927,0.04905416828537931
s18-a22-REROUTE-r04,s18,a22,REROUTE,post-onset,0.03522935340479413,0.04348807666250577
s18-a22-REROUTE-r05,s18,a22,REROUTE,post-onset,0.0412705422462373,0.04813746522305749
s18-a22-THROTTLE-r01,s18,a22,THROTTLE,post-onset,0.19968298468097423,0.26189717698350956
s18-a22-THROTTLE-r02,s18,a22,THROTTLE,post-onset,0.200450217913205,0.26117715278334097
s18-a22-THROTTLE-r03,s18,a22,THROTTLE,post-onset,0.19327408702518672,0.2627133046025684
s18-a22-THROTTLE-r04,s18,a22,THROTTLE,post-onset,0.19802239850428194,0.25914014555022763
s18-a22-THROTTLE-r05,s18,a22,THROTTLE,post-onset,0.193793986679542,0.25526611804019833
s18-a26-NO_OP-r01,s18,a26,NO_OP,post-onset,0.21626184497702347,0.22606126796604906
s18-a26-NO_OP-r02,s18,a26,NO_OP,post-onset,0.2164738259774188,0.22619400041832366
s18-a26-NO_OP-r03,s18,a26,NO_OP,post-onset,0.2141590854901752,0.22434596291177406
s18-a26-NO_OP-r04,s18,a26,NO_OP,post-onset,0.2229724580395967,0.2320056319515439
s18-a26-NO_OP-r05,s18,a26,NO_OP,post-onset,0.2210017952962231,0.23110884147492325
s18-a26-REROUTE-r01,s18,a26,REROUTE,post-onset,0.07567470435322264,0.08493513078175764
s18-a26-REROUTE-r02,s18,a26,REROUTE,post-onset,0.07816897295722369,0.08689449018850506
s18-a26-REROUTE-r03,s18,a26,REROUTE,post-onset,0.08475227151203688,0.09583929138426261
s18-a26-REROUTE-r04,s18,a26,REROUTE,post-onset,0.07470253261014193,0.08404165322648485
s18-a26-REROUTE-r05,s18,a26,REROUTE,post-onset,0.08617345607414423,0.09819212414022224
s18-a26-THROTTLE-r01,s18,a26,THROTTLE,post-onset,0.22491647163658468,0.2828751392550468
s18-a26-THROTTLE-r02,s18,a26,THROTTLE,post-onset,0.2179152301758015,0.2814475562328053
s18-a26-THROTTLE-r03,s18,a26,THROTTLE,post-onset,0.22288297386849704,0.28271344456858954
s18-a26-THROTTLE-r04,s18,a26,THROTTLE,post-onset,0.2173719115351862,0.2824386484809265
s18-a26-THROTTLE-r05,s18,a26,THROTTLE,post-onset,0.21756705433562407,0.27750081988267894
s18-a30-NO_OP-r01,s18,a30,NO_OP,post-onset,0.2768689239094896,0.28544136329493547
s18-a30-NO_OP-r02,s18,a30,NO_OP,post-onset,0.27937423941455913,0.28771584274021816
s18-a30-NO_OP-r03,s18,a30,NO_OP,post-onset,0.2721192946866569,0.28205640286708067
s18-a30-NO_OP-r04,s18,a30,NO_OP,post-onset,0.28059214615853817,0.2898747328794789
s18-a30-NO_OP-r05,s18,a30,NO_OP,post-onset,0.27251538566927186,0.2812250581703318
s18-a30-REROUTE-r01,s18,a30,REROUTE,post-onset,0.15272279996420254,0.15383992489893691
s18-a30-REROUTE-r02,s18,a30,REROUTE,post-onset,0.14066375111669815,0.14259420243308105
s18-a30-REROUTE-r03,s18,a30,REROUTE,post-onset,0.14212889034886306,0.14636580022518922
s18-a30-REROUTE-r04,s18,a30,REROUTE,post-onset,0.1398093967604024,0.1424679806556396
s18-a30-REROUTE-r05,s18,a30,REROUTE,post-onset,0.14424000626844719,0.1466582481619099
s18-a30-THROTTLE-r01,s18,a30,THROTTLE,post-onset,0.27300006730821413,0.3247985091567535
s18-a30-THROTTLE-r02,s18,a30,THROTTLE,post-onset,0.2773966581061422,0.3269634163418018
s18-a30-THROTTLE-r03,s18,a30,THROTTLE,post-onset,0.27394226382741593,0.32442620470181804
s18-a30-THROTTLE-r04,s18,a30,THROTTLE,post-onset,0.27318368166738005,0.3237150983922866
s18-a30-THROTTLE-r05,s18,a30,THROTTLE,post-onset,0.27702071349806034,0.327854396796725
s19-a02-NO_OP-r01,s19,a02,NO_OP,pre-fault,0.6053559401208001,0.05019198399896295
s19-a02-NO_OP-r02,s19,a02,NO_OP,pre-fault,0.6067813348096001,0.04089253967170373
s19-a02-NO_OP-r03,s19,a02,NO_OP,pre-fault,0.6061361755122666,0.03028602122540739
s19-a02-NO_OP-r04,s19,a02,NO_OP,pre-fault,0.6045985301666666,0.029843096810666648
s19-a02-NO_OP-r05,s19,a02,NO_OP,pre-fault,0.6061187138445333,0.029884316685407364
s19-a02-REROUTE-r01,s19,a02,REROUTE,pre-fault,0.060223444382999994,0.04876276015548146
s19-a02-REROUTE-r02,s19,a02,REROUTE,pre-fault,0.06019019334522222,0.030221329502814805
s19-a02-REROUTE-r03,s19,a02,REROUTE,pre-fault,0.06255515618755556,0.049078238028296285
s19-a02-REROUTE-r04,s19,a02,REROUTE,pre-fault,0.06173621124744444,0.030013603607259288
s19-a02-REROUTE-r05,s19,a02,REROUTE,pre-fault,0.06168812122833333,0.040240937404962984
s19-a02-THROTTLE-r01,s19,a02,THROTTLE,pre-fault,0.6045484414057334,0.7044742723006059
s19-a02-THROTTLE-r02,s19,a02,THROTTLE,pre-fault,0.6045538019582667,0.7093352065447271
s19-a02-THROTTLE-r03,s19,a02,THROTTLE,pre-fault,0.6067645189936001,0.703772364050909
s19-a02-THROTTLE-r04,s19,a02,THROTTLE,pre-fault,0.6061315416698666,0.7043156879650909
s19-a02-THROTTLE-r05,s19,a02,THROTTLE,pre-fault,0.6053325790976001,0.7017725998899393
s19-a06-NO_OP-r01,s19,a06,NO_OP,pre-fault,0.2886730133043429,0.030072083924615363
s19-a06-NO_OP-r02,s19,a06,NO_OP,pre-fault,0.2860309914979048,0.03002683647471795
s19-a06-NO_OP-r03,s19,a06,NO_OP,pre-fault,0.29556958891495244,0.030148723862564078
s19-a06-NO_OP-r04,s19,a06,NO_OP,pre-fault,0.2834399081018287,0.030617081546051285
s19-a06-NO_OP-r05,s19,a06,NO_OP,pre-fault,0.29446147097996184,0.030256952612820534
s19-a06-REROUTE-r01,s19,a06,REROUTE,pre-fault,0.03299542697869173,0.040575988852820495
s19-a06-REROUTE-r02,s19,a06,REROUTE,pre-fault,0.08105283975720298,0.05493205123035895
s19-a06-REROUTE-r03,s19,a06,REROUTE,pre-fault,0.03375799036490977,0.030120157469897435
s19-a06-REROUTE-r04,s19,a06,REROUTE,pre-fault,0.03357893466712783,0.04258467695743594
s19-a06-REROUTE-r05,s19,a06,REROUTE,pre-fault,0.03433704353981705,0.03800604254630771
s19-a06-THROTTLE-r01,s19,a06,THROTTLE,pre-fault,0.34221390971616183,0.5098742051641187
s19-a06-THROTTLE-r02,s19,a06,THROTTLE,pre-fault,0.34194854944598085,0.5070784592731713
s19-a06-THROTTLE-r03,s19,a06,THROTTLE,pre-fault,0.34326670214048566,0.5073320457419433
s19-a06-THROTTLE-r04,s19,a06,THROTTLE,pre-fault,0.3435415409132666,0.5087750339394386
s19-a06-THROTTLE-r05,s19,a06,THROTTLE,pre-fault,0.37256545378144756,0.49503340415211877
s19-a10-NO_OP-r01,s19,a10,NO_OP,pre-fault,0.212825763427572,0.029821142589686295
s19-a10-NO_OP-r02,s19,a10,NO_OP,pre-fault,0.23621857845950614,0.0415600576440784
s19-a10-NO_OP-r03,s19,a10,NO_OP,pre-fault,0.2100167272020576,0.02972952122878432
s19-a10-NO_OP-r04,s19,a10,NO_OP,pre-fault,0.23595698433876539,0.036583731527764674
s19-a10-NO_OP-r05,s19,a10,NO_OP,pre-fault,0.2130777407053086,0.030312186271019587
s19-a10-REROUTE-r01,s19,a10,REROUTE,pre-fault,0.03164422877344627,0.030076070503137278
s19-a10-REROUTE-r02,s19,a10,REROUTE,pre-fault,0.03150460674934876,0.039747679575294126
s19-a10-REROUTE-r03,s19,a10,REROUTE,pre-fault,0.04955225939476837,0.06433172118815683
s19-a10-REROUTE-r04,s19,a10,REROUTE,pre-fault,0.031593058959709534,0.030437729089294124
s19-a10-REROUTE-r05,s19,a10,REROUTE,pre-fault,0.03159942807526508,0.030083351009647055
s19-a10-THROTTLE-r01,s19,a10,THROTTLE,pre-fault,0.28526899434637626,0.3944081902795352
s19-a10-THROTTLE-r02,s19,a10,THROTTLE,pre-fault,0.31309420407410643,0.4103187807464082
s19-a10-THROTTLE-r03,s19,a10,THROTTLE,pre-fault,0.2855070467496678,0.3938133913292142
s19-a10-THROTTLE-r04,s19,a10,THROTTLE,pre-fault,0.3030570464030247,0.4117957566324154
s19-a10-THROTTLE-r05,s19,a10,THROTTLE,pre-fault,0.29282882151153444,0.39843338276108065
s19-a14-NO_OP-r01,s19,a14,NO_OP,spanning,0.18384400707494997,0.09253998657686391
s19-a14-NO_OP-r02,s19,a14,NO_OP,spanning,0.18035974385926118,0.08825197903103896
s19-a14-NO_OP-r03,s19,a14,NO_OP,spanning,0.17917720657515582,0.0880189227888841
s19-a14-NO_OP-r04,s19,a14,NO_OP,spanning,0.1760500713410411,0.08788205170558444
s19-a14-NO_OP-r05,s19,a14,NO_OP,spanning,0.19523184449590103,0.09286153976939883
s19-a14-REROUTE-r01,s19,a14,REROUTE,spanning,0.04509259484992669,0.03851683545800001
s19-a14-REROUTE-r02,s19,a14,REROUTE,spanning,0.04665144644442748,0.039520426753238115
s19-a14-REROUTE-r03,s19,a14,REROUTE,spanning,0.03143713424809517,0.03046076782222226
s19-a14-REROUTE-r04,s19,a14,REROUTE,spanning,0.050694188201503905,0.04192532964873014
s19-a14-REROUTE-r05,s19,a14,REROUTE,spanning,0.06044520920330522,0.04759579881298412
s19-a14-THROTTLE-r01,s19,a14,THROTTLE,spanning,0.2511955991382959,0.3303313562703937
s19-a14-THROTTLE-r02,s19,a14,THROTTLE,spanning,0.2422420925137807,0.3246088666942527
s19-a14-THROTTLE-r03,s19,a14,THROTTLE,spanning,0.2511991460977198,0.3381687957007652
s19-a14-THROTTLE-r04,s19,a14,THROTTLE,spanning,0.2521910811968672,0.3311945863631378
s19-a14-THROTTLE-r05,s19,a14,THROTTLE,spanning,0.2423683058799963,0.3245081536555629
s19-a18-NO_OP-r01,s19,a18,NO_OP,spanning,0.16426088338755793,0.20579025672339563
s19-a18-NO_OP-r02,s19,a18,NO_OP,spanning,0.1492814982015482,0.20508651864850466
s19-a18-NO_OP-r03,s19,a18,NO_OP,spanning,0.1557519852117544,0.20083294768221183
s19-a18-NO_OP-r04,s19,a18,NO_OP,spanning,0.15330929777266492,0.2006977040586605
s19-a18-NO_OP-r05,s19,a18,NO_OP,spanning,0.1652365999872107,0.2051114353524611
s19-a18-REROUTE-r01,s19,a18,REROUTE,spanning,0.03585456490263879,0.033625730234586634
s19-a18-REROUTE-r02,s19,a18,REROUTE,spanning,0.030869940332359454,0.030261563059759994
s19-a18-REROUTE-r03,s19,a18,REROUTE,spanning,0.030542518806642768,0.03018185264008004
s19-a18-REROUTE-r04,s19,a18,REROUTE,spanning,0.05157578425720047,0.043825332976240056
s19-a18-REROUTE-r05,s19,a18,REROUTE,spanning,0.031180075405337484,0.030455862889519993
s19-a18-THROTTLE-r01,s19,a18,THROTTLE,spanning,0.21945463706079033,0.2863204708696013
s19-a18-THROTTLE-r02,s19,a18,THROTTLE,spanning,0.21204063313821153,0.28095954524025524
s19-a18-THROTTLE-r03,s19,a18,THROTTLE,spanning,0.21321687572849174,0.2820786225687719
s19-a18-THROTTLE-r04,s19,a18,THROTTLE,spanning,0.22275994029779317,0.28936286352303026
s19-a18-THROTTLE-r05,s19,a18,THROTTLE,spanning,0.2168596489988076,0.2847532450569378
s19-a22-NO_OP-r01,s19,a22,NO_OP,post-onset,0.2448525960262559,0.28972488902347826
s19-a22-NO_OP-r02,s19,a22,NO_OP,post-onset,0.255925340158431,0.2998871210102838
s19-a22-NO_OP-r03,s19,a22,NO_OP,post-onset,0.24914536950630722,0.29455845898133926
s19-a22-NO_OP-r04,s19,a22,NO_OP,post-onset,0.24454608716199713,0.289832569074087
s19-a22-NO_OP-r05,s19,a22,NO_OP,post-onset,0.24609888742368355,0.2899960202870435
s19-a22-REROUTE-r01,s19,a22,REROUTE,post-onset,0.06645111480328567,0.10182388511335633
s19-a22-REROUTE-r02,s19,a22,REROUTE,post-onset,0.0638624777353152,0.09576197489818386
s19-a22-REROUTE-r03,s19,a22,REROUTE,post-onset,0.05906798218024827,0.09693121865970117
s19-a22-REROUTE-r04,s19,a22,REROUTE,post-onset,0.06495882038875703,0.10170266929687358
s19-a22-REROUTE-r05,s19,a22,REROUTE,post-onset,0.059955710266739265,0.09263170639167818
s19-a22-THROTTLE-r01,s19,a22,THROTTLE,post-onset,0.2557775517370193,0.34295138206521136
s19-a22-THROTTLE-r02,s19,a22,THROTTLE,post-onset,0.24394622347137385,0.3349212142884907
s19-a22-THROTTLE-r03,s19,a22,THROTTLE,post-onset,0.2579020290840698,0.3462388959805247
s19-a22-THROTTLE-r04,s19,a22,THROTTLE,post-onset,0.24438981347828592,0.3344433945045488
s19-a22-THROTTLE-r05,s19,a22,THROTTLE,post-onset,0.2505934464317035,0.3389098705681479
s19-a26-NO_OP-r01,s19,a26,NO_OP,post-onset,0.3292245350082774,0.3720523203058979
s19-a26-NO_OP-r02,s19,a26,NO_OP,post-onset,0.3240801388539784,0.36575374555208906
s19-a26-NO_OP-r03,s19,a26,NO_OP,post-onset,0.32439961285717245,0.36518964074837634
s19-a26-NO_OP-r04,s19,a26,NO_OP,post-onset,0.3245524899889354,0.3638684750442301
s19-a26-NO_OP-r05,s19,a26,NO_OP,post-onset,0.3303284530276123,0.3709257174166149
s19-a26-REROUTE-r01,s19,a26,REROUTE,post-onset,0.1519027299057439,0.19591390942569237
s19-a26-REROUTE-r02,s19,a26,REROUTE,post-onset,0.15754915753084084,0.19278536425505363
s19-a26-REROUTE-r03,s19,a26,REROUTE,post-onset,0.1646508893947995,0.19640015054531074
s19-a26-REROUTE-r04,s19,a26,REROUTE,post-onset,0.15493994566293418,0.19009241135549296
s19-a26-REROUTE-r05,s19,a26,REROUTE,post-onset,0.1520239392791598,0.1917457120474953
s19-a26-THROTTLE-r01,s19,a26,THROTTLE,post-onset,0.3755758294610372,0.41044492063762994
s19-a26-THROTTLE-r02,s19,a26,THROTTLE,post-onset,0.37134812619069263,0.40691684104615905
s19-a26-THROTTLE-r03,s19,a26,THROTTLE,post-onset,0.379964234996302,0.41836064003351564
s19-a26-THROTTLE-r04,s19,a26,THROTTLE,post-onset,0.3749091674241854,0.4100025459015028
s19-a26-THROTTLE-r05,s19,a26,THROTTLE,post-onset,0.3667841754376324,0.4029021743843755
s19-a30-NO_OP-r01,s19,a30,NO_OP,post-onset,0.3914084284241542,0.43649739711242136
s19-a30-NO_OP-r02,s19,a30,NO_OP,post-onset,0.3914237172917912,0.43398820535211474
s19-a30-NO_OP-r03,s19,a30,NO_OP,post-onset,0.39796413440185846,0.4407426167188866
s19-a30-NO_OP-r04,s19,a30,NO_OP,post-onset,0.3869822304548481,0.43054030790584497
s19-a30-NO_OP-r05,s19,a30,NO_OP,post-onset,0.39208967100935854,0.4340874530032854
s19-a30-REROUTE-r01,s19,a30,REROUTE,post-onset,0.23433235733661517,0.2693747701649626
s19-a30-REROUTE-r02,s19,a30,REROUTE,post-onset,0.2443653950249762,0.27628544961154494
s19-a30-REROUTE-r03,s19,a30,REROUTE,post-onset,0.23740168651711716,0.288465871837567
s19-a30-REROUTE-r04,s19,a30,REROUTE,post-onset,0.2331404657745316,0.26597890457897866
s19-a30-REROUTE-r05,s19,a30,REROUTE,post-onset,0.23943666943528172,0.2721566133509296
s19-a30-THROTTLE-r01,s19,a30,THROTTLE,post-onset,0.4263919865944823,0.46483379452472057
s19-a30-THROTTLE-r02,s19,a30,THROTTLE,post-onset,0.43136534669211807,0.47017665915686674
s19-a30-THROTTLE-r03,s19,a30,THROTTLE,post-onset,0.42788892534465767,0.4688979402660946
s19-a30-THROTTLE-r04,s19,a30,THROTTLE,post-onset,0.4317877194830548,0.4710353808033794
s19-a30-THROTTLE-r05,s19,a30,THROTTLE,post-onset,0.42594019233037844,0.46704948213110725
s20-a02-NO_OP-r01,s20,a02,NO_OP,spanning,0.6061578813010666,0.13002659577119238
s20-a02-NO_OP-r02,s20,a02,NO_OP,spanning,0.6810480816836,0.15683106735411928
s20-a02-NO_OP-r03,s20,a02,NO_OP,spanning,0.6014961375797334,0.14877671360135492
s20-a02-NO_OP-r04,s20,a02,NO_OP,spanning,0.6045369724682667,0.14669268179826558
s20-a02-NO_OP-r05,s20,a02,NO_OP,spanning,0.6053638223989334,0.12943564977493222
s20-a02-REROUTE-r01,s20,a02,REROUTE,spanning,0.06255213431222223,0.030242107670074087
s20-a02-REROUTE-r02,s20,a02,REROUTE,spanning,0.060989174676888885,0.029587050774814824
s20-a02-REROUTE-r03,s20,a02,REROUTE,spanning,0.06105598173233333,0.030160475538592565
s20-a02-REROUTE-r04,s20,a02,REROUTE,spanning,0.060173350954222216,0.02974499529414817
s20-a02-REROUTE-r05,s20,a02,REROUTE,spanning,0.06178887736577777,0.029946124099111106
s20-a02-THROTTLE-r01,s20,a02,THROTTLE,spanning,0.6067662830213334,0.7044209243863029
s20-a02-THROTTLE-r02,s20,a02,THROTTLE,spanning,0.6061356864389333,0.7028219600135757
s20-a02-THROTTLE-r03,s20,a02,THROTTLE,spanning,0.6038235548509333,0.7043895561830302
s20-a02-THROTTLE-r04,s20,a02,THROTTLE,spanning,0.604631639032,0.709476373148
s20-a02-THROTTLE-r05,s20,a02,THROTTLE,spanning,0.606769576584,0.708787056821212
s20-a06-NO_OP-r01,s20,a06,NO_OP,spanning,0.2866137273123619,0.3218014934325738
s20-a06-NO_OP-r02,s20,a06,NO_OP,spanning,0.2870888117134286,0.3219869782120077
s20-a06-NO_OP-r03,s20,a06,NO_OP,spanning,0.2871388541546857,0.32213780990986934
s20-a06-NO_OP-r04,s20,a06,NO_OP,spanning,0.32177220198767614,0.3345885452875133
s20-a06-NO_OP-r05,s20,a06,NO_OP,spanning,0.31746698191977146,0.3297169956926657
s20-a06-REROUTE-r01,s20,a06,REROUTE,spanning,0.0608967885358797,0.0401108180305128
s20-a06-REROUTE-r02,s20,a06,REROUTE,spanning,0.03420743069666918,0.041437753023846176
s20-a06-REROUTE-r03,s20,a06,REROUTE,spanning,0.034391430624433575,0.0301237218368205
s20-a06-REROUTE-r04,s20,a06,REROUTE,spanning,0.033814603389684214,0.030007006526871795
s20-a06-REROUTE-r05,s20,a06,REROUTE,spanning,0.034005310526010024,0.030106741943897442
s20-a06-THROTTLE-r01,s20,a06,THROTTLE,spanning,0.34182786348952376,0.507445855461873
s20-a06-THROTTLE-r02,s20,a06,THROTTLE,spanning,0.3429950955676381,0.5085388332980134
s20-a06-THROTTLE-r03,s20,a06,THROTTLE,spanning,0.3930087174357619,0.5300277995234277
s20-a06-THROTTLE-r04,s20,a06,THROTTLE,spanning,0.34273620996699045,0.5074417040545749
s20-a06-THROTTLE-r05,s20,a06,THROTTLE,spanning,0.3686042089853999,0.5205609439121511
s20-a10-NO_OP-r01,s20,a10,NO_OP,post-onset,0.39420781687106293,0.44675900782141775
s20-a10-NO_OP-r02,s20,a10,NO_OP,post-onset,0.3899898179144234,0.44256691458510417
s20-a10-NO_OP-r03,s20,a10,NO_OP,post-onset,0.38203764898632936,0.43807976613701954
s20-a10-NO_OP-r04,s20,a10,NO_OP,post-onset,0.3812149086339807,0.43643751478127607
s20-a10-NO_OP-r05,s20,a10,NO_OP,post-onset,0.38056391590882266,0.4388163504825067
s20-a10-REROUTE-r01,s20,a10,REROUTE,post-onset,0.08031760302176993,0.1213386661344314
s20-a10-REROUTE-r02,s20,a10,REROUTE,post-onset,0.12187447447762881,0.1365732404892157
s20-a10-REROUTE-r03,s20,a10,REROUTE,post-onset,0.08170384355089685,0.12420578795654905
s20-a10-REROUTE-r04,s20,a10,REROUTE,post-onset,0.09893933855777798,0.13165700931760782
s20-a10-REROUTE-r05,s20,a10,REROUTE,post-onset,0.08137194285161749,0.11426984471917645
s20-a10-THROTTLE-r01,s20,a10,THROTTLE,post-onset,0.3803707187165177,0.5186109020312067
s20-a10-THROTTLE-r02,s20,a10,THROTTLE,post-onset,0.3880641170457088,0.5227265230240272
s20-a10-THROTTLE-r03,s20,a10,THROTTLE,post-onset,0.3673251124597289,0.5125253419983136
s20-a10-THROTTLE-r04,s20,a10,THROTTLE,post-onset,0.37149096333056286,0.5152460417965701
s20-a10-THROTTLE-r05,s20,a10,THROTTLE,post-onset,0.3689516640772411,0.5149941865872367
s20-a14-NO_OP-r01,s20,a14,NO_OP,post-onset,0.47957708856372255,0.5188626599951516
s20-a14-NO_OP-r02,s20,a14,NO_OP,post-onset,0.478766839638531,0.5175770584620778
s20-a14-NO_OP-r03,s20,a14,NO_OP,post-onset,0.4913716089147096,0.5281555869477489
s20-a14-NO_OP-r04,s20,a14,NO_OP,post-onset,0.47927515414925065,0.5213285700787447
s20-a14-NO_OP-r05,s20,a14,NO_OP,post-onset,0.4799992848659432,0.5192857456607359
s20-a14-REROUTE-r01,s20,a14,REROUTE,post-onset,0.2528172824393836,0.23620132236044447
s20-a14-REROUTE-r02,s20,a14,REROUTE,post-onset,0.2535565180499292,0.23677167991034917
s20-a14-REROUTE-r03,s20,a14,REROUTE,post-onset,0.26534682169624946,0.24542348870317457
s20-a14-REROUTE-r04,s20,a14,REROUTE,post-onset,0.2681639429252309,0.24765243655257146
s20-a14-REROUTE-r05,s20,a14,REROUTE,post-onset,0.2544860883997682,0.23757695801336512
s20-a14-THROTTLE-r01,s20,a14,THROTTLE,post-onset,0.5414614854751996,0.5788248511557575
s20-a14-THROTTLE-r02,s20,a14,THROTTLE,post-onset,0.5574147617703418,0.5901952433123377
s20-a14-THROTTLE-r03,s20,a14,THROTTLE,post-onset,0.5548501259161724,0.5911837103237663
s20-a14-THROTTLE-r04,s20,a14,THROTTLE,post-onset,0.5504476592678238,0.5861719649487879
s20-a14-THROTTLE-r05,s20,a14,THROTTLE,post-onset,0.5525534188914765,0.5877832859584848
s20-a18-NO_OP-r01,s20,a18,NO_OP,post-onset,0.5499582141770726,0.5883858845418352
s20-a18-NO_OP-r02,s20,a18,NO_OP,post-onset,0.5477115146002274,0.5868134305266666
s20-a18-NO_OP-r03,s20,a18,NO_OP,post-onset,0.5480242458009494,0.5913227553408239
s20-a18-NO_OP-r04,s20,a18,NO_OP,post-onset,0.550370994794461,0.5892698259286516
s20-a18-NO_OP-r05,s20,a18,NO_OP,post-onset,0.542521265688282,0.5852871488499625
s20-a18-REROUTE-r01,s20,a18,REROUTE,post-onset,0.35312119893961275,0.33622077010432794
s20-a18-REROUTE-r02,s20,a18,REROUTE,post-onset,0.3490940784695786,0.3349804717361828
s20-a18-REROUTE-r03,s20,a18,REROUTE,post-onset,0.35176359782820155,0.3442387125421236
s20-a18-REROUTE-r04,s20,a18,REROUTE,post-onset,0.3506907396726674,0.34250164905957003
s20-a18-REROUTE-r05,s20,a18,REROUTE,post-onset,0.35054714865485104,0.3378082671121236
s20-a18-THROTTLE-r01,s20,a18,THROTTLE,post-onset,0.6087496590565495,0.641606541108427
s20-a18-THROTTLE-r02,s20,a18,THROTTLE,post-onset,0.6079905860463996,0.6405071493439699
s20-a18-THROTTLE-r03,s20,a18,THROTTLE,post-onset,0.6052060314497065,0.641085263648165
s20-a18-THROTTLE-r04,s20,a18,THROTTLE,post-onset,0.5988735135875555,0.6344335682526966
s20-a18-THROTTLE-r05,s20,a18,THROTTLE,post-onset,0.6020483328390374,0.6378849528936703
s20-a22-NO_OP-r01,s20,a22,NO_OP,post-onset,0.5925600062340346,0.6429232332842529
s20-a22-NO_OP-r02,s20,a22,NO_OP,post-onset,0.5957306316556132,0.6435374070050449
s20-a22-NO_OP-r03,s20,a22,NO_OP,post-onset,0.5917432161077605,0.6378914285083782
s20-a22-NO_OP-r04,s20,a22,NO_OP,post-onset,0.6087730583682308,0.6518440297201274
s20-a22-NO_OP-r05,s20,a22,NO_OP,post-onset,0.5912303159023811,0.6368923173984113
s20-a22-REROUTE-r01,s20,a22,REROUTE,post-onset,0.4452501046353239,0.43154887355391225
s20-a22-REROUTE-r02,s20,a22,REROUTE,post-onset,0.4314922047522019,0.42193702097882946
s20-a22-REROUTE-r03,s20,a22,REROUTE,post-onset,0.4415693695444173,0.4237687887576774
s20-a22-REROUTE-r04,s20,a22,REROUTE,post-onset,0.4419020359035723,0.41700466625223875
s20-a22-REROUTE-r05,s20,a22,REROUTE,post-onset,0.4317125623943601,0.41736607653498387
s20-a22-THROTTLE-r01,s20,a22,THROTTLE,post-onset,0.6442797740503896,0.6877712043340869
s20-a22-THROTTLE-r02,s20,a22,THROTTLE,post-onset,0.6404487904575237,0.6815605283011494
s20-a22-THROTTLE-r03,s20,a22,THROTTLE,post-onset,0.6438859777625627,0.6832897679635588
s20-a22-THROTTLE-r04,s20,a22,THROTTLE,post-onset,0.646072375503697,0.6868704545685298
s20-a22-THROTTLE-r05,s20,a22,THROTTLE,post-onset,0.6455123489462798,0.6864099451632947
s20-a26-NO_OP-r01,s20,a26,NO_OP,post-onset,0.6342919095674642,0.6921621703835075
s20-a26-NO_OP-r02,s20,a26,NO_OP,post-onset,0.6409778782534126,0.6916022340671976
s20-a26-NO_OP-r03,s20,a26,NO_OP,post-onset,0.6401666625565764,0.696633395077163
s20-a26-NO_OP-r04,s20,a26,NO_OP,post-onset,0.6387160081065545,0.6928221047060766
s20-a26-NO_OP-r05,s20,a26,NO_OP,post-onset,0.6361335829060013,0.6881662268900857
s20-a26-REROUTE-r01,s20,a26,REROUTE,post-onset,0.5030161831138071,0.48907741388927317
s20-a26-REROUTE-r02,s20,a26,REROUTE,post-onset,0.5011680339379736,0.48322155693438607
s20-a26-REROUTE-r03,s20,a26,REROUTE,post-onset,0.5011274942392466,0.4837824245712551
s20-a26-REROUTE-r04,s20,a26,REROUTE,post-onset,0.5030259621713496,0.48459942693659297
s20-a26-REROUTE-r05,s20,a26,REROUTE,post-onset,0.5043645088123867,0.4869042353985751
s20-a26-THROTTLE-r01,s20,a26,THROTTLE,post-onset,0.6766711039680215,0.7239862958285089
s20-a26-THROTTLE-r02,s20,a26,THROTTLE,post-onset,0.677726614861421,0.7265652167485978
s20-a26-THROTTLE-r03,s20,a26,THROTTLE,post-onset,0.6921654120311281,0.7368479733646794
s20-a26-THROTTLE-r04,s20,a26,THROTTLE,post-onset,0.676904880530824,0.72415870195963
s20-a26-THROTTLE-r05,s20,a26,THROTTLE,post-onset,0.6767265853289535,0.7306985823699249
s20-a30-NO_OP-r01,s20,a30,NO_OP,post-onset,0.6767678155744301,0.7337679647960318
s20-a30-NO_OP-r02,s20,a30,NO_OP,post-onset,0.6806325306742051,0.737717132625272
s20-a30-NO_OP-r03,s20,a30,NO_OP,post-onset,0.6895303442225869,0.7414594594594595
s20-a30-NO_OP-r04,s20,a30,NO_OP,post-onset,0.6825768340128927,0.7419459459459459
s20-a30-NO_OP-r05,s20,a30,NO_OP,post-onset,0.6838686486876357,0.7396922384873282
s20-a30-REROUTE-r01,s20,a30,REROUTE,post-onset,0.5560019491645688,0.5481585290125057
s20-a30-REROUTE-r02,s20,a30,REROUTE,post-onset,0.5664569336560931,0.5484260705353865
s20-a30-REROUTE-r03,s20,a30,REROUTE,post-onset,0.555059474946309,0.5467187296925269
s20-a30-REROUTE-r04,s20,a30,REROUTE,post-onset,0.5617238602982014,0.5474308642773971
s20-a30-REROUTE-r05,s20,a30,REROUTE,post-onset,0.5553341269757843,0.547727128385902
s20-a30-THROTTLE-r01,s20,a30,THROTTLE,post-onset,0.7240690842774893,0.7759459459459459
s20-a30-THROTTLE-r02,s20,a30,THROTTLE,post-onset,0.72451229608465,0.7752912514586966
s20-a30-THROTTLE-r03,s20,a30,THROTTLE,post-onset,0.731853586707238,0.7783783783783783
s20-a30-THROTTLE-r04,s20,a30,THROTTLE,post-onset,0.714771182069383,0.7664709496951668
s20-a30-THROTTLE-r05,s20,a30,THROTTLE,post-onset,0.7191117581483695,0.7735135135135135
s21-a02-NO_OP-r01,s21,a02,NO_OP,spanning,0.6067826768653334,0.05510742135148989
s21-a02-NO_OP-r02,s21,a02,NO_OP,spanning,0.6068477097558667,0.06736179423050502
s21-a02-NO_OP-r03,s21,a02,NO_OP,spanning,0.6045017021966667,0.054478807056489914
s21-a02-NO_OP-r04,s21,a02,NO_OP,spanning,0.6067991954001334,0.05507554362300513
s21-a02-NO_OP-r05,s21,a02,NO_OP,spanning,0.6067835744682667,0.07117064177936872
s21-a02-REROUTE-r01,s21,a02,REROUTE,spanning,0.05945926963966666,0.042705624381111106
s21-a02-REROUTE-r02,s21,a02,REROUTE,spanning,0.060903821213111116,0.04156578173244445
s21-a02-REROUTE-r03,s21,a02,REROUTE,spanning,0.05497323880766667,0.030030513157037045
s21-a02-REROUTE-r04,s21,a02,REROUTE,spanning,0.06249237483466667,0.04679664935548147
s21-a02-REROUTE-r05,s21,a02,REROUTE,spanning,0.06093753495588889,0.047662904701851874
s21-a02-THROTTLE-r01,s21,a02,THROTTLE,spanning,0.6135965998741333,0.7045025568306666
s21-a02-THROTTLE-r02,s21,a02,THROTTLE,spanning,0.6045684950688,0.7038719479284847
s21-a02-THROTTLE-r03,s21,a02,THROTTLE,spanning,0.6061706697897333,0.7040100118135757
s21-a02-THROTTLE-r04,s21,a02,THROTTLE,spanning,0.6849161247845333,0.7346926627423029
s21-a02-THROTTLE-r05,s21,a02,THROTTLE,spanning,0.6062302646937333,0.709763812912606
s21-a06-NO_OP-r01,s21,a06,NO_OP,spanning,0.28604366723851427,0.1408004052267494
s21-a06-NO_OP-r02,s21,a06,NO_OP,spanning,0.2855062183734857,0.14062697081094294
s21-a06-NO_OP-r03,s21,a06,NO_OP,spanning,0.2833983645926858,0.14672219734842432
s21-a06-NO_OP-r04,s21,a06,NO_OP,spanning,0.358617307050362,0.15931298923844492
s21-a06-NO_OP-r05,s21,a06,NO_OP,spanning,0.28656415551801906,0.1520601852137883
s21-a06-REROUTE-r01,s21,a06,REROUTE,spanning,0.03378247939570175,0.02984002033235897
s21-a06-REROUTE-r02,s21,a06,REROUTE,spanning,0.03466303973379951,0.0399755205906667
s21-a06-REROUTE-r03,s21,a06,REROUTE,spanning,0.033873187798230585,0.030016134701538494
s21-a06-REROUTE-r04,s21,a06,REROUTE,spanning,0.03321722797981203,0.05014995193748717
s21-a06-REROUTE-r05,s21,a06,REROUTE,spanning,0.03405359960015289,0.038592644869076924
s21-a06-THROTTLE-r01,s21,a06,THROTTLE,spanning,0.34344625319034283,0.5074056024246099
s21-a06-THROTTLE-r02,s21,a06,THROTTLE,spanning,0.3438018147648476,0.5080707307004696
s21-a06-THROTTLE-r03,s21,a06,THROTTLE,spanning,0.3426121806227333,0.508149162146224
s21-a06-THROTTLE-r04,s21,a06,THROTTLE,spanning,0.3649985202726761,0.5163635365538624
s21-a06-THROTTLE-r05,s21,a06,THROTTLE,spanning,0.3771963310289619,0.5364413757857489
s21-a10-NO_OP-r01,s21,a10,NO_OP,post-onset,0.2578653595162177,0.2472946162199265
s21-a10-NO_OP-r02,s21,a10,NO_OP,post-onset,0.2560919433874299,0.2539298366884387
s21-a10-NO_OP-r03,s21,a10,NO_OP,post-onset,0.259104713199509,0.24660836129809316
s21-a10-NO_OP-r04,s21,a10,NO_OP,post-onset,0.25853960430910494,0.24717637056971808
s21-a10-NO_OP-r05,s21,a10,NO_OP,post-onset,0.258228758545637,0.25731200707291174
s21-a10-REROUTE-r01,s21,a10,REROUTE,post-onset,0.054199021166986536,0.05997778831823531
s21-a10-REROUTE-r02,s21,a10,REROUTE,post-onset,0.04211520584893312,0.05246134812192156
s21-a10-REROUTE-r03,s21,a10,REROUTE,post-onset,0.0419427113461941,0.0526373694587451
s21-a10-REROUTE-r04,s21,a10,REROUTE,post-onset,0.059895276352278606,0.06338385356305885
s21-a10-REROUTE-r05,s21,a10,REROUTE,post-onset,0.04198719040466646,0.052727772590509814
s21-a10-THROTTLE-r01,s21,a10,THROTTLE,post-onset,0.2958348678195399,0.4162038818982397
s21-a10-THROTTLE-r02,s21,a10,THROTTLE,post-onset,0.3146504325261618,0.427493995802231
s21-a10-THROTTLE-r03,s21,a10,THROTTLE,post-onset,0.29648428319272163,0.4199327704730051
s21-a10-THROTTLE-r04,s21,a10,THROTTLE,post-onset,0.2978408497637231,0.4203240899482644
s21-a10-THROTTLE-r05,s21,a10,THROTTLE,post-onset,0.2974609345200189,0.43429786415688604
s21-a14-NO_OP-r01,s21,a14,NO_OP,post-onset,0.3312122019806106,0.33168011087003396
s21-a14-NO_OP-r02,s21,a14,NO_OP,post-onset,0.3363454311482961,0.3354639212434693
s21-a14-NO_OP-r03,s21,a14,NO_OP,post-onset,0.33915648177447744,0.3385027769605442
s21-a14-NO_OP-r04,s21,a14,NO_OP,post-onset,0.3303400171990191,0.3312745303541836
s21-a14-NO_OP-r05,s21,a14,NO_OP,post-onset,0.3309716028643312,0.33869665865156456
s21-a14-REROUTE-r01,s21,a14,REROUTE,post-onset,0.11573571864716263,0.13287494749571432
s21-a14-REROUTE-r02,s21,a14,REROUTE,post-onset,0.12303351960606579,0.12591847923958735
s21-a14-REROUTE-r03,s21,a14,REROUTE,post-onset,0.1175580162721174,0.12203344530901589
s21-a14-REROUTE-r04,s21,a14,REROUTE,post-onset,0.1296913263758415,0.12451423164866669
s21-a14-REROUTE-r05,s21,a14,REROUTE,post-onset,0.12910861797902656,0.1250038007033651
s21-a14-THROTTLE-r01,s21,a14,THROTTLE,post-onset,0.34853517346300017,0.4332938345591619
s21-a14-THROTTLE-r02,s21,a14,THROTTLE,post-onset,0.32670265886210986,0.41922857528335233
s21-a14-THROTTLE-r03,s21,a14,THROTTLE,post-onset,0.33458510163662997,0.42652451408403813
s21-a14-THROTTLE-r04,s21,a14,THROTTLE,post-onset,0.32644298504386127,0.4273405166888382
s21-a14-THROTTLE-r05,s21,a14,THROTTLE,post-onset,0.33452228008280127,0.426321129334781
s21-a18-NO_OP-r01,s21,a18,NO_OP,post-onset,0.38408207968207875,0.39197314821359197
s21-a18-NO_OP-r02,s21,a18,NO_OP,post-onset,0.3844870034589876,0.3918766250204885
s21-a18-NO_OP-r03,s21,a18,NO_OP,post-onset,0.38405788013991,0.39215562407718396
s21-a18-NO_OP-r04,s21,a18,NO_OP,post-onset,0.38918920435808685,0.3976229884455173
s21-a18-NO_OP-r05,s21,a18,NO_OP,post-onset,0.3840385862261687,0.39205227154945405
s21-a18-REROUTE-r01,s21,a18,REROUTE,post-onset,0.2194907413368437,0.19600518397106667
s21-a18-REROUTE-r02,s21,a18,REROUTE,post-onset,0.2199855274320687,0.19625231105786667
s21-a18-REROUTE-r03,s21,a18,REROUTE,post-onset,0.2288712196105532,0.20359684266552
s21-a18-REROUTE-r04,s21,a18,REROUTE,post-onset,0.22124436157211488,0.19647889812874658
s21-a18-REROUTE-r05,s21,a18,REROUTE,post-onset,0.221627870074748,0.19752304092221334
s21-a18-THROTTLE-r01,s21,a18,THROTTLE,post-onset,0.3875782766227551,0.4573589086912558
s21-a18-THROTTLE-r02,s21,a18,THROTTLE,post-onset,0.39335491525861566,0.4605930323538294
s21-a18-THROTTLE-r03,s21,a18,THROTTLE,post-onset,0.38787647866494146,0.457556390927566
s21-a18-THROTTLE-r04,s21,a18,THROTTLE,post-onset,0.4052388682399841,0.46825065281810857
s21-a18-THROTTLE-r05,s21,a18,THROTTLE,post-onset,0.38794413118017823,0.45931925612074426
s21-a22-NO_OP-r01,s21,a22,NO_OP,post-onset,0.4339610324716552,0.4384563224056183
s21-a22-NO_OP-r02,s21,a22,NO_OP,post-onset,0.4336252711676055,0.4373720691554444
s21-a22-NO_OP-r03,s21,a22,NO_OP,post-onset,0.4410134842090657,0.4445145401054246
s21-a22-NO_OP-r04,s21,a22,NO_OP,post-onset,0.43556804415773465,0.43889842350818076
s21-a22-NO_OP-r05,s21,a22,NO_OP,post-onset,0.43371708429481637,0.43768603705158865
s21-a22-REROUTE-r01,s21,a22,REROUTE,post-onset,0.30867015297598355,0.26490608176050573
s21-a22-REROUTE-r02,s21,a22,REROUTE,post-onset,0.3085036416262785,0.26642659838942534
s21-a22-REROUTE-r03,s21,a22,REROUTE,post-onset,0.30970618181880205,0.27348254320068965
s21-a22-REROUTE-r04,s21,a22,REROUTE,post-onset,0.31344824345045985,0.2685021872438851
s21-a22-REROUTE-r05,s21,a22,REROUTE,post-onset,0.31271973001399384,0.2765704880121379
s21-a22-THROTTLE-r01,s21,a22,THROTTLE,post-onset,0.45513089913812843,0.4955856460946775
s21-a22-THROTTLE-r02,s21,a22,THROTTLE,post-onset,0.4485824308505782,0.4904679138117449
s21-a22-THROTTLE-r03,s21,a22,THROTTLE,post-onset,0.45707605553261293,0.49640229966785476
s21-a22-THROTTLE-r04,s21,a22,THROTTLE,post-onset,0.44903467419560095,0.49070621371446393
s21-a22-THROTTLE-r05,s21,a22,THROTTLE,post-onset,0.4490822275288238,0.49075483301267214
s21-a26-NO_OP-r01,s21,a26,NO_OP,post-onset,0.47234034220362237,0.4771334623063158
s21-a26-NO_OP-r02,s21,a26,NO_OP,post-onset,0.477632197619667,0.479140603071264
s21-a26-NO_OP-r03,s21,a26,NO_OP,post-onset,0.4745541404502773,0.47613033422793866
s21-a26-NO_OP-r04,s21,a26,NO_OP,post-onset,0.4765179758792326,0.47901549773369234
s21-a26-NO_OP-r05,s21,a26,NO_OP,post-onset,0.4788543904187441,0.4810457343579366
s21-a26-REROUTE-r01,s21,a26,REROUTE,post-onset,0.36278071585697325,0.3232183607445252
s21-a26-REROUTE-r02,s21,a26,REROUTE,post-onset,0.3766516141768058,0.3306430709431111
s21-a26-REROUTE-r03,s21,a26,REROUTE,post-onset,0.36874329488992846,0.33018945957286855
s21-a26-REROUTE-r04,s21,a26,REROUTE,post-onset,0.36384316242537407,0.32121056818181826
s21-a26-REROUTE-r05,s21,a26,REROUTE,post-onset,0.3550451505668438,0.31766406772333333
s21-a26-THROTTLE-r01,s21,a26,THROTTLE,post-onset,0.4975397917474904,0.5223103032954246
s21-a26-THROTTLE-r02,s21,a26,THROTTLE,post-onset,0.49676924046438764,0.5226666656843533
s21-a26-THROTTLE-r03,s21,a26,THROTTLE,post-onset,0.49044048321239064,0.5188373962079198
s21-a26-THROTTLE-r04,s21,a26,THROTTLE,post-onset,0.490194399280667,0.5177234435675357
s21-a26-THROTTLE-r05,s21,a26,THROTTLE,post-onset,0.49410075451836216,0.5201246296402815
s21-a30-NO_OP-r01,s21,a30,NO_OP,post-onset,0.5126693271619787,0.5148058451191753
s21-a30-NO_OP-r02,s21,a30,NO_OP,post-onset,0.5095075978030709,0.5117328455708978
s21-a30-NO_OP-r03,s21,a30,NO_OP,post-onset,0.5038018747173525,0.5097015523908472
s21-a30-NO_OP-r04,s21,a30,NO_OP,post-onset,0.504660735636467,0.507229599327417
s21-a30-NO_OP-r05,s21,a30,NO_OP,post-onset,0.5020758684599087,0.5086849872664552
s21-a30-REROUTE-r01,s21,a30,REROUTE,post-onset,0.4036516282949728,0.36111577954839646
s21-a30-REROUTE-r02,s21,a30,REROUTE,post-onset,0.398075214634488,0.3611774419317658
s21-a30-REROUTE-r03,s21,a30,REROUTE,post-onset,0.40801878408137504,0.3652879152302883
s21-a30-REROUTE-r04,s21,a30,REROUTE,post-onset,0.39706936980221597,0.36048438751926126
s21-a30-REROUTE-r05,s21,a30,REROUTE,post-onset,0.4028944513756383,0.37062714504645033
s21-a30-THROTTLE-r01,s21,a30,THROTTLE,post-onset,0.5234848652892411,0.5425316191211595
s21-a30-THROTTLE-r02,s21,a30,THROTTLE,post-onset,0.5276678576119899,0.5468106919506973
s21-a30-THROTTLE-r03,s21,a30,THROTTLE,post-onset,0.5313439271091989,0.5509985307312782
s21-a30-THROTTLE-r04,s21,a30,THROTTLE,post-onset,0.5318889105882366,0.5491076193385043
s21-a30-THROTTLE-r05,s21,a30,THROTTLE,post-onset,0.5272402825981197,0.5463198753637977
s22-a02-NO_OP-r01,s22,a02,NO_OP,pre-fault,0.6061334551177333,0.030177856662296318
s22-a02-NO_OP-r02,s22,a02,NO_OP,pre-fault,0.6067966632473334,0.030231157154370386
s22-a02-NO_OP-r03,s22,a02,NO_OP,pre-fault,0.6053182615824,0.029884757956222214
s22-a02-NO_OP-r04,s22,a02,NO_OP,pre-fault,0.6045805079794666,0.02984466083214813
s22-a02-NO_OP-r05,s22,a02,NO_OP,pre-fault,0.6060388903818666,0.029930692985037075
s22-a02-REROUTE-r01,s22,a02,REROUTE,pre-fault,0.06097092315733333,0.03014719620651852
s22-a02-REROUTE-r02,s22,a02,REROUTE,pre-fault,0.060256706706,0.02982172742503704
s22-a02-REROUTE-r03,s22,a02,REROUTE,pre-fault,0.21152328557277777,0.05651618171029625
s22-a02-REROUTE-r04,s22,a02,REROUTE,pre-fault,0.061708526797444437,0.030078034620222207
s22-a02-REROUTE-r05,s22,a02,REROUTE,pre-fault,0.06022149114244444,0.029793629988296284
s22-a02-THROTTLE-r01,s22,a02,THROTTLE,pre-fault,0.6023211027585333,0.7039385532848486
s22-a02-THROTTLE-r02,s22,a02,THROTTLE,pre-fault,0.6039012691121333,0.704954221582909
s22-a02-THROTTLE-r03,s22,a02,THROTTLE,pre-fault,0.6038811806750666,0.7043277814533333
s22-a02-THROTTLE-r04,s22,a02,THROTTLE,pre-fault,0.6694565679374667,0.7138961609939394
s22-a02-THROTTLE-r05,s22,a02,THROTTLE,pre-fault,0.6060132214701333,0.7047374011421819
s22-a06-NO_OP-r01,s22,a06,NO_OP,pre-fault,0.2834492506414858,0.04177374233805128
s22-a06-NO_OP-r02,s22,a06,NO_OP,pre-fault,0.3191545498896381,0.06156032038005131
s22-a06-NO_OP-r03,s22,a06,NO_OP,pre-fault,0.28919243209676193,0.030067010166051258
s22-a06-NO_OP-r04,s22,a06,NO_OP,pre-fault,0.3212757335920572,0.048815655162358945
s22-a06-NO_OP-r05,s22,a06,NO_OP,pre-fault,0.32397018384792386,0.04303871625358967
s22-a06-REROUTE-r01,s22,a06,REROUTE,pre-fault,0.03406630603027568,0.03588084967825638
s22-a06-REROUTE-r02,s22,a06,REROUTE,pre-fault,0.03379694168403258,0.030203451888615358
s22-a06-REROUTE-r03,s22,a06,REROUTE,pre-fault,0.03376742484854134,0.030119850161384604
s22-a06-REROUTE-r04,s22,a06,REROUTE,pre-fault,0.03470464600948371,0.030022724904769205
s22-a06-REROUTE-r05,s22,a06,REROUTE,pre-fault,0.03407835057590726,0.029795287847025644
s22-a06-THROTTLE-r01,s22,a06,THROTTLE,pre-fault,0.3440372700271619,0.5098265336747855
s22-a06-THROTTLE-r02,s22,a06,THROTTLE,pre-fault,0.3735397644266285,0.5206301402882645
s22-a06-THROTTLE-r03,s22,a06,THROTTLE,pre-fault,0.34211870309910475,0.5096599271867854
s22-a06-THROTTLE-r04,s22,a06,THROTTLE,pre-fault,0.34165850106659995,0.5070556187495925
s22-a06-THROTTLE-r05,s22,a06,THROTTLE,pre-fault,0.3625619553857523,0.5173456875401188
s22-a10-NO_OP-r01,s22,a10,NO_OP,pre-fault,0.2399696614593004,0.04129601495552942
s22-a10-NO_OP-r02,s22,a10,NO_OP,pre-fault,0.23457796240012346,0.06015719567443134
s22-a10-NO_OP-r03,s22,a10,NO_OP,pre-fault,0.20906108934469134,0.03842977941188236
s22-a10-NO_OP-r04,s22,a10,NO_OP,pre-fault,0.23112957345510288,0.046521756920666624
s22-a10-NO_OP-r05,s22,a10,NO_OP,pre-fault,0.2178006632934568,0.030260458165725458
s22-a10-REROUTE-r01,s22,a10,REROUTE,pre-fault,0.031802414392677295,0.030551245103725495
s22-a10-REROUTE-r02,s22,a10,REROUTE,pre-fault,0.03150139143605226,0.03660901821133333
s22-a10-REROUTE-r03,s22,a10,REROUTE,pre-fault,0.031341478585901514,0.03544831725788235
s22-a10-REROUTE-r04,s22,a10,REROUTE,pre-fault,0.03164021349129678,0.035840391812588225
s22-a10-REROUTE-r05,s22,a10,REROUTE,pre-fault,0.031039936381720267,0.03567477821827451
s22-a10-THROTTLE-r01,s22,a10,THROTTLE,pre-fault,0.2847194700745538,0.4008506105814379
s22-a10-THROTTLE-r02,s22,a10,THROTTLE,pre-fault,0.3010359425265191,0.4031529073454422
s22-a10-THROTTLE-r03,s22,a10,THROTTLE,pre-fault,0.2854124076062158,0.39380070570649817
s22-a10-THROTTLE-r04,s22,a10,THROTTLE,pre-fault,0.2840347200759289,0.40467729690653886
s22-a10-THROTTLE-r05,s22,a10,THROTTLE,pre-fault,0.2842382247415685,0.3933821500646709
s22-a14-NO_OP-r01,s22,a14,NO_OP,spanning,0.1996045441860126,0.13468947901819947
s22-a14-NO_OP-r02,s22,a14,NO_OP,spanning,0.2091347508866337,0.13740601844350198
s22-a14-NO_OP-r03,s22,a14,NO_OP,spanning,0.18095393850484773,0.12366190651259922
s22-a14-NO_OP-r04,s22,a14,NO_OP,spanning,0.1907828391173179,0.13728579276206346
s22-a14-NO_OP-r05,s22,a14,NO_OP,spanning,0.1952257614957364,0.13859204201325398
s22-a14-REROUTE-r01,s22,a14,REROUTE,spanning,0.05048722198852522,0.041707784618793646
s22-a14-REROUTE-r02,s22,a14,REROUTE,spanning,0.05016957013113506,0.0415939067783492
s22-a14-REROUTE-r03,s22,a14,REROUTE,spanning,0.04212892761537269,0.03671416350666664
s22-a14-REROUTE-r04,s22,a14,REROUTE,spanning,0.03146903949497227,0.03149511843368253
s22-a14-REROUTE-r05,s22,a14,REROUTE,spanning,0.036344123802177414,0.03330320090092065
s22-a14-THROTTLE-r01,s22,a14,THROTTLE,spanning,0.24264077911092324,0.3352285833913178
s22-a14-THROTTLE-r02,s22,a14,THROTTLE,spanning,0.24253739929646356,0.3255229753353378
s22-a14-THROTTLE-r03,s22,a14,THROTTLE,spanning,0.25305230147391367,0.335775558230155
s22-a14-THROTTLE-r04,s22,a14,THROTTLE,spanning,0.2641040054295015,0.3404133296150553
s22-a14-THROTTLE-r05,s22,a14,THROTTLE,spanning,0.24288165801172867,0.33315048342820053
s22-a18-NO_OP-r01,s22,a18,NO_OP,spanning,0.15541009778414158,0.23263102276060899
s22-a18-NO_OP-r02,s22,a18,NO_OP,spanning,0.16123083271094954,0.23715716730131414
s22-a18-NO_OP-r03,s22,a18,NO_OP,spanning,0.1612186584895892,0.23659013818586533
s22-a18-NO_OP-r04,s22,a18,NO_OP,spanning,0.1622714081233477,0.23812056634913464
s22-a18-NO_OP-r05,s22,a18,NO_OP,spanning,0.16298840358206992,0.2399702961895513
s22-a18-REROUTE-r01,s22,a18,REROUTE,spanning,0.04023883536801469,0.036348567621893355
s22-a18-REROUTE-r02,s22,a18,REROUTE,spanning,0.030182055591187848,0.02968348744581334
s22-a18-REROUTE-r03,s22,a18,REROUTE,spanning,0.045904588632130344,0.040104139301706684
s22-a18-REROUTE-r04,s22,a18,REROUTE,spanning,0.038369388682764266,0.035131127373039944
s22-a18-REROUTE-r05,s22,a18,REROUTE,spanning,0.044992894760500016,0.049118986938480005
s22-a18-THROTTLE-r01,s22,a18,THROTTLE,spanning,0.21780002368269796,0.2891884194863462
s22-a18-THROTTLE-r02,s22,a18,THROTTLE,spanning,0.21997767559227754,0.2905608480369872
s22-a18-THROTTLE-r03,s22,a18,THROTTLE,spanning,0.23222044371071732,0.2996075829985577
s22-a18-THROTTLE-r04,s22,a18,THROTTLE,spanning,0.22050584036707205,0.29092952655660254
s22-a18-THROTTLE-r05,s22,a18,THROTTLE,spanning,0.22046612258467313,0.291381840664359
s22-a22-NO_OP-r01,s22,a22,NO_OP,post-onset,0.27876147442892063,0.3205684867869222
s22-a22-NO_OP-r02,s22,a22,NO_OP,post-onset,0.2770393053973895,0.31931084014927746
s22-a22-NO_OP-r03,s22,a22,NO_OP,post-onset,0.2924735914663482,0.33380419608588674
s22-a22-NO_OP-r04,s22,a22,NO_OP,post-onset,0.27610709805106515,0.318632773402343
s22-a22-NO_OP-r05,s22,a22,NO_OP,post-onset,0.2908505776010443,0.33184336542381776
s22-a22-REROUTE-r01,s22,a22,REROUTE,post-onset,0.09347859676367863,0.12814551113526437
s22-a22-REROUTE-r02,s22,a22,REROUTE,post-onset,0.0959658925022939,0.15284637045926433
s22-a22-REROUTE-r03,s22,a22,REROUTE,post-onset,0.08742514749935704,0.12033851922577013
s22-a22-REROUTE-r04,s22,a22,REROUTE,post-onset,0.08898262707835233,0.1258956243188046
s22-a22-REROUTE-r05,s22,a22,REROUTE,post-onset,0.0962738044549421,0.12699299913560927
s22-a22-THROTTLE-r01,s22,a22,THROTTLE,post-onset,0.2903971419146227,0.36421443460501346
s22-a22-THROTTLE-r02,s22,a22,THROTTLE,post-onset,0.2948996791798264,0.36791337770352817
s22-a22-THROTTLE-r03,s22,a22,THROTTLE,post-onset,0.2899622062758705,0.3637527692453705
s22-a22-THROTTLE-r04,s22,a22,THROTTLE,post-onset,0.29097498360056645,0.3656615882419181
s22-a22-THROTTLE-r05,s22,a22,THROTTLE,post-onset,0.2909639864643992,0.3656633125095371
s22-a26-NO_OP-r01,s22,a26,NO_OP,post-onset,0.35131770526101624,0.3942012759023612
s22-a26-NO_OP-r02,s22,a26,NO_OP,post-onset,0.3506988355412745,0.3938468472506111
s22-a26-NO_OP-r03,s22,a26,NO_OP,post-onset,0.3578619736892534,0.39788429910247974
s22-a26-NO_OP-r04,s22,a26,NO_OP,post-onset,0.3546267756689838,0.3967113775288283
s22-a26-NO_OP-r05,s22,a26,NO_OP,post-onset,0.35074413411629146,0.3922160322305556
s22-a26-REROUTE-r01,s22,a26,REROUTE,post-onset,0.177206804309822,0.2125052133167722
s22-a26-REROUTE-r02,s22,a26,REROUTE,post-onset,0.1768159141621205,0.21809668858452977
s22-a26-REROUTE-r03,s22,a26,REROUTE,post-onset,0.181352104027527,0.22078241955417996
s22-a26-REROUTE-r04,s22,a26,REROUTE,post-onset,0.17771871393347252,0.2185342208362131
s22-a26-REROUTE-r05,s22,a26,REROUTE,post-onset,0.18537932364378482,0.21907312728196085
s22-a26-THROTTLE-r01,s22,a26,THROTTLE,post-onset,0.40202994271236425,0.4383786523418938
s22-a26-THROTTLE-r02,s22,a26,THROTTLE,post-onset,0.39928461086531297,0.4394481553921034
s22-a26-THROTTLE-r03,s22,a26,THROTTLE,post-onset,0.39450619769683815,0.4317034679174116
s22-a26-THROTTLE-r04,s22,a26,THROTTLE,post-onset,0.3940079235580468,0.4318601780859116
s22-a26-THROTTLE-r05,s22,a26,THROTTLE,post-onset,0.4003857631347699,0.43986422259567426
s22-a30-NO_OP-r01,s22,a30,NO_OP,post-onset,0.4230927817048531,0.4704625051985831
s22-a30-NO_OP-r02,s22,a30,NO_OP,post-onset,0.4222290192525503,0.46672985640332776
s22-a30-NO_OP-r03,s22,a30,NO_OP,post-onset,0.4130355909399869,0.4599455301142328
s22-a30-NO_OP-r04,s22,a30,NO_OP,post-onset,0.43178901146024784,0.47803422698140063
s22-a30-NO_OP-r05,s22,a30,NO_OP,post-onset,0.41856372666299213,0.4622928306344848
s22-a30-REROUTE-r01,s22,a30,REROUTE,post-onset,0.2695591295595892,0.3061360198835909
s22-a30-REROUTE-r02,s22,a30,REROUTE,post-onset,0.26245412012471336,0.2933649831448516
s22-a30-REROUTE-r03,s22,a30,REROUTE,post-onset,0.26435900905321913,0.29528878371244516
s22-a30-REROUTE-r04,s22,a30,REROUTE,post-onset,0.26267745587560215,0.2943248841626077
s22-a30-REROUTE-r05,s22,a30,REROUTE,post-onset,0.26077009670952817,0.2958044540928966
s22-a30-THROTTLE-r01,s22,a30,THROTTLE,post-onset,0.45421675603841966,0.4956001985768504
s22-a30-THROTTLE-r02,s22,a30,THROTTLE,post-onset,0.4698547471741828,0.5096733800702717
s22-a30-THROTTLE-r03,s22,a30,THROTTLE,post-onset,0.4513483290049681,0.49390892855702423
s22-a30-THROTTLE-r04,s22,a30,THROTTLE,post-onset,0.45139304311226264,0.4943288441309044
s22-a30-THROTTLE-r05,s22,a30,THROTTLE,post-onset,0.4628011314059154,0.5048285604173466
s23-a02-NO_OP-r01,s23,a02,NO_OP,pre-fault,0.6068024435737334,0.04315559475385188
s23-a02-NO_OP-r02,s23,a02,NO_OP,pre-fault,0.6067972253678667,0.04012543296481483
s23-a02-NO_OP-r03,s23,a02,NO_OP,pre-fault,0.6061019577761333,0.041364715672740776
s23-a02-NO_OP-r04,s23,a02,NO_OP,pre-fault,0.6045981003374666,0.030010800301555524
s23-a02-NO_OP-r05,s23,a02,NO_OP,pre-fault,0.6061352010074667,0.029988533427111094
s23-a02-REROUTE-r01,s23,a02,REROUTE,pre-fault,0.06015592997033334,0.03005686910962962
s23-a02-REROUTE-r02,s23,a02,REROUTE,pre-fault,0.24523616777566667,0.0587766785879259
s23-a02-REROUTE-r03,s23,a02,REROUTE,pre-fault,0.06252232300644445,0.05180563991555555
s23-a02-REROUTE-r04,s23,a02,REROUTE,pre-fault,0.06242415598955555,0.029992650416518513
s23-a02-REROUTE-r05,s23,a02,REROUTE,pre-fault,0.06162232714355556,0.029899787721703697
s23-a02-THROTTLE-r01,s23,a02,THROTTLE,pre-fault,0.6045156878737333,0.7042270487838789
s23-a02-THROTTLE-r02,s23,a02,THROTTLE,pre-fault,0.6046532873926667,0.7043416515585454
s23-a02-THROTTLE-r03,s23,a02,THROTTLE,pre-fault,0.6060692510621333,0.7095381585454545
s23-a02-THROTTLE-r04,s23,a02,THROTTLE,pre-fault,0.6061118493429333,0.704260376430303
s23-a02-THROTTLE-r05,s23,a02,THROTTLE,pre-fault,0.6053820012676,0.7035566284320001
s23-a06-NO_OP-r01,s23,a06,NO_OP,spanning,0.29341451236411425,0.15325004007915258
s23-a06-NO_OP-r02,s23,a06,NO_OP,spanning,0.2855227243371428,0.15441631048774013
s23-a06-NO_OP-r03,s23,a06,NO_OP,spanning,0.28658605681546667,0.1636707050367014
s23-a06-NO_OP-r04,s23,a06,NO_OP,spanning,0.32305435656577147,0.16698209382187743
s23-a06-NO_OP-r05,s23,a06,NO_OP,spanning,0.2813282382286667,0.15996143440659713
s23-a06-REROUTE-r01,s23,a06,REROUTE,spanning,0.06836416635321052,0.04223099614671798
s23-a06-REROUTE-r02,s23,a06,REROUTE,spanning,0.03435837817345113,0.03815095067753849
s23-a06-REROUTE-r03,s23,a06,REROUTE,spanning,0.03393382014416293,0.02982892481958976
s23-a06-REROUTE-r04,s23,a06,REROUTE,spanning,0.03416889885951129,0.03003378610569232
s23-a06-REROUTE-r05,s23,a06,REROUTE,spanning,0.052577274715922315,0.03716514004189745
s23-a06-THROTTLE-r01,s23,a06,THROTTLE,spanning,0.3424775585400761,0.5104771162248205
s23-a06-THROTTLE-r02,s23,a06,THROTTLE,spanning,0.3627304156838571,0.5151119119310608
s23-a06-THROTTLE-r03,s23,a06,THROTTLE,spanning,0.37408277108877136,0.5208067884716977
s23-a06-THROTTLE-r04,s23,a06,THROTTLE,spanning,0.3437946204422476,0.5076062683713469
s23-a06-THROTTLE-r05,s23,a06,THROTTLE,spanning,0.37243198069983807,0.5209679587761944
s23-a10-NO_OP-r01,s23,a10,NO_OP,spanning,0.23641396862584366,0.3073456907468324
s23-a10-NO_OP-r02,s23,a10,NO_OP,spanning,0.21605885052407403,0.3106218754771306
s23-a10-NO_OP-r03,s23,a10,NO_OP,spanning,0.2140653770216461,0.29878700123465346
s23-a10-NO_OP-r04,s23,a10,NO_OP,spanning,0.2173369469395473,0.29791132616836236
s23-a10-NO_OP-r05,s23,a10,NO_OP,spanning,0.23122498938650204,0.3131656315726872
s23-a10-REROUTE-r01,s23,a10,REROUTE,spanning,0.045184477158336206,0.050949198808078425
s23-a10-REROUTE-r02,s23,a10,REROUTE,spanning,0.03192479331508376,0.030043967479960798
s23-a10-REROUTE-r03,s23,a10,REROUTE,spanning,0.031375904010171804,0.030033285321921573
s23-a10-REROUTE-r04,s23,a10,REROUTE,spanning,0.031951551520889555,0.030813791002313736
s23-a10-REROUTE-r05,s23,a10,REROUTE,spanning,0.045834312965212946,0.0378392698692549
s23-a10-THROTTLE-r01,s23,a10,THROTTLE,spanning,0.2844932332044104,0.3937479746565723
s23-a10-THROTTLE-r02,s23,a10,THROTTLE,spanning,0.2845143870592951,0.39978078512056936
s23-a10-THROTTLE-r03,s23,a10,THROTTLE,spanning,0.28513345076550617,0.3938770185725723
s23-a10-THROTTLE-r04,s23,a10,THROTTLE,spanning,0.28536451999911405,0.39381462149667096
s23-a10-THROTTLE-r05,s23,a10,THROTTLE,spanning,0.30349460265774014,0.40502171934236747
s23-a14-NO_OP-r01,s23,a14,NO_OP,post-onset,0.3595764912192936,0.4047308131339759
s23-a14-NO_OP-r02,s23,a14,NO_OP,post-onset,0.35022303940309985,0.3955766149435341
s23-a14-NO_OP-r03,s23,a14,NO_OP,post-onset,0.3497412869605776,0.39780258947847386
s23-a14-NO_OP-r04,s23,a14,NO_OP,post-onset,0.34967835390659,0.39698579817642565
s23-a14-NO_OP-r05,s23,a14,NO_OP,post-onset,0.3667360041443467,0.41056722599168666
s23-a14-REROUTE-r01,s23,a14,REROUTE,post-onset,0.12851523321385228,0.14725873474225398
s23-a14-REROUTE-r02,s23,a14,REROUTE,post-onset,0.10873132346730396,0.13785862758720635
s23-a14-REROUTE-r03,s23,a14,REROUTE,post-onset,0.1080582190885421,0.1313328646490159
s23-a14-REROUTE-r04,s23,a14,REROUTE,post-onset,0.10812214333083271,0.13532283141923812
s23-a14-REROUTE-r05,s23,a14,REROUTE,post-onset,0.11890712515180304,0.14059247787850793
s23-a14-THROTTLE-r01,s23,a14,THROTTLE,post-onset,0.35310767744142585,0.46104338456403904
s23-a14-THROTTLE-r02,s23,a14,THROTTLE,post-onset,0.35264462036653826,0.4577846915989787
s23-a14-THROTTLE-r03,s23,a14,THROTTLE,post-onset,0.36209546911076834,0.462579243627533
s23-a14-THROTTLE-r04,s23,a14,THROTTLE,post-onset,0.37298448275021406,0.46931857886884676
s23-a14-THROTTLE-r05,s23,a14,THROTTLE,post-onset,0.3525107401158672,0.4596348617066093
s23-a18-NO_OP-r01,s23,a18,NO_OP,post-onset,0.43588229865266176,0.47448853610926317
s23-a18-NO_OP-r02,s23,a18,NO_OP,post-onset,0.4439435141487177,0.47964309542077194
s23-a18-NO_OP-r03,s23,a18,NO_OP,post-onset,0.4350889943474954,0.47214774229431566
s23-a18-NO_OP-r04,s23,a18,NO_OP,post-onset,0.4344233493727903,0.47220301773028067
s23-a18-NO_OP-r05,s23,a18,NO_OP,post-onset,0.4414418952168724,0.4778054882831578
s23-a18-REROUTE-r01,s23,a18,REROUTE,post-onset,0.24405005299774762,0.23899436214093334
s23-a18-REROUTE-r02,s23,a18,REROUTE,post-onset,0.2388138199178431,0.23519685753895997
s23-a18-REROUTE-r03,s23,a18,REROUTE,post-onset,0.24418861805764897,0.2391698677310667
s23-a18-REROUTE-r04,s23,a18,REROUTE,post-onset,0.23740623114188014,0.23435493073498667
s23-a18-REROUTE-r05,s23,a18,REROUTE,post-onset,0.25574149403360524,0.24861683830863998
s23-a18-THROTTLE-r01,s23,a18,THROTTLE,post-onset,0.49671304742146793,0.5322180758973685
s23-a18-THROTTLE-r02,s23,a18,THROTTLE,post-onset,0.4945305198989699,0.5284209603447367
s23-a18-THROTTLE-r03,s23,a18,THROTTLE,post-onset,0.4925197227057958,0.5282091380122106
s23-a18-THROTTLE-r04,s23,a18,THROTTLE,post-onset,0.49503289493816394,0.5349192704474737
s23-a18-THROTTLE-r05,s23,a18,THROTTLE,post-onset,0.48864353283901235,0.5234193146075788
s23-a22-NO_OP-r01,s23,a22,NO_OP,post-onset,0.494748338509055,0.5349716652486689
s23-a22-NO_OP-r02,s23,a22,NO_OP,post-onset,0.49468866934980793,0.5362332147821892
s23-a22-NO_OP-r03,s23,a22,NO_OP,post-onset,0.49476665270552067,0.5349226137832483
s23-a22-NO_OP-r04,s23,a22,NO_OP,post-onset,0.49591949378055433,0.5350983102475474
s23-a22-NO_OP-r05,s23,a22,NO_OP,post-onset,0.49567533114317197,0.5363268746033107
s23-a22-REROUTE-r01,s23,a22,REROUTE,post-onset,0.32601353587991305,0.32379096663354534
s23-a22-REROUTE-r02,s23,a22,REROUTE,post-onset,0.322059193750061,0.3219460116422543
s23-a22-REROUTE-r03,s23,a22,REROUTE,post-onset,0.32877809520471923,0.32769753544307995
s23-a22-REROUTE-r04,s23,a22,REROUTE,post-onset,0.33612612525769975,0.35744072783302894
s23-a22-REROUTE-r05,s23,a22,REROUTE,post-onset,0.33378958775936757,0.3315692262962667
s23-a22-THROTTLE-r01,s23,a22,THROTTLE,post-onset,0.543689176458018,0.5805610787487743
s23-a22-THROTTLE-r02,s23,a22,THROTTLE,post-onset,0.5495884709982031,0.5843134399040862
s23-a22-THROTTLE-r03,s23,a22,THROTTLE,post-onset,0.5535098816655897,0.5865869840404039
s23-a22-THROTTLE-r04,s23,a22,THROTTLE,post-onset,0.5600833257539977,0.5924445441218467
s23-a22-THROTTLE-r05,s23,a22,THROTTLE,post-onset,0.5435115858054496,0.5778321639457835
s23-a26-NO_OP-r01,s23,a26,NO_OP,post-onset,0.5541716859069142,0.5984869775497097
s23-a26-NO_OP-r02,s23,a26,NO_OP,post-onset,0.549389019176877,0.5974219933744894
s23-a26-NO_OP-r03,s23,a26,NO_OP,post-onset,0.5475791272561402,0.5953413045888848
s23-a26-NO_OP-r04,s23,a26,NO_OP,post-onset,0.5472562801799318,0.59483022748247
s23-a26-NO_OP-r05,s23,a26,NO_OP,post-onset,0.5493569086582931,0.5938743696809832
s23-a26-REROUTE-r01,s23,a26,REROUTE,post-onset,0.4006676083134213,0.40194488719456695
s23-a26-REROUTE-r02,s23,a26,REROUTE,post-onset,0.409268722770347,0.4139326481173811
s23-a26-REROUTE-r03,s23,a26,REROUTE,post-onset,0.4008878520382957,0.40845499165991334
s23-a26-REROUTE-r04,s23,a26,REROUTE,post-onset,0.4081250654990384,0.4035905851632684
s23-a26-REROUTE-r05,s23,a26,REROUTE,post-onset,0.40730629261891194,0.40604311232976187
s23-a26-THROTTLE-r01,s23,a26,THROTTLE,post-onset,0.5868517046935232,0.6280410923893633
s23-a26-THROTTLE-r02,s23,a26,THROTTLE,post-onset,0.5896650966099277,0.6316797921001198
s23-a26-THROTTLE-r03,s23,a26,THROTTLE,post-onset,0.5933460889625632,0.6335035121553172
s23-a26-THROTTLE-r04,s23,a26,THROTTLE,post-onset,0.5897184532330835,0.6328352026254114
s23-a26-THROTTLE-r05,s23,a26,THROTTLE,post-onset,0.5902057294740908,0.6313851345403998
s23-a30-NO_OP-r01,s23,a30,NO_OP,post-onset,0.5870014526638103,0.6420073469478232
s23-a30-NO_OP-r02,s23,a30,NO_OP,post-onset,0.590072019396499,0.6467259914875435
s23-a30-NO_OP-r03,s23,a30,NO_OP,post-onset,0.5901498259710163,0.6492139623482557
s23-a30-NO_OP-r04,s23,a30,NO_OP,post-onset,0.5969225064409132,0.6490116494231082
s23-a30-NO_OP-r05,s23,a30,NO_OP,post-onset,0.5909355473199174,0.6452183512889685
s23-a30-REROUTE-r01,s23,a30,REROUTE,post-onset,0.466804718458375,0.46897456971532625
s23-a30-REROUTE-r02,s23,a30,REROUTE,post-onset,0.4618720980357061,0.46659812605968576
s23-a30-REROUTE-r03,s23,a30,REROUTE,post-onset,0.4700955685224605,0.4735478655976083
s23-a30-REROUTE-r04,s23,a30,REROUTE,post-onset,0.46560895146476194,0.46257218034881964
s23-a30-REROUTE-r05,s23,a30,REROUTE,post-onset,0.4739996203885242,0.4786382727442511
s23-a30-THROTTLE-r01,s23,a30,THROTTLE,post-onset,0.630937103527656,0.6780617332038353
s23-a30-THROTTLE-r02,s23,a30,THROTTLE,post-onset,0.6259997549948496,0.6732478601571318
s23-a30-THROTTLE-r03,s23,a30,THROTTLE,post-onset,0.6264583880443099,0.67340455899161
s23-a30-THROTTLE-r04,s23,a30,THROTTLE,post-onset,0.6319197723969325,0.682771553327248
s23-a30-THROTTLE-r05,s23,a30,THROTTLE,post-onset,0.6296543021644176,0.6791978342274282
s24-a02-NO_OP-r01,s24,a02,NO_OP,pre-fault,0.6105487383630667,0.05721569463903705
s24-a02-NO_OP-r02,s24,a02,NO_OP,pre-fault,0.6067463617306667,0.03022096110911106
s24-a02-NO_OP-r03,s24,a02,NO_OP,pre-fault,0.6069019452590667,0.04676350584237038
s24-a02-NO_OP-r04,s24,a02,NO_OP,pre-fault,0.6045666564852,0.0295647882195556
s24-a02-NO_OP-r05,s24,a02,NO_OP,pre-fault,0.6061333473848,0.03034257510999998
s24-a02-REROUTE-r01,s24,a02,REROUTE,pre-fault,0.060173870289555564,0.04748181138059259
s24-a02-REROUTE-r02,s24,a02,REROUTE,pre-fault,0.06173847733599999,0.03021738688170373
s24-a02-REROUTE-r03,s24,a02,REROUTE,pre-fault,0.06179145203033333,0.045580140614296306
s24-a02-REROUTE-r04,s24,a02,REROUTE,pre-fault,0.06090595376133333,0.02998873468614809
s24-a02-REROUTE-r05,s24,a02,REROUTE,pre-fault,0.05957158589233333,0.030059924501407417
s24-a02-THROTTLE-r01,s24,a02,THROTTLE,pre-fault,0.6067531222136,0.7044734399659394
s24-a02-THROTTLE-r02,s24,a02,THROTTLE,pre-fault,0.6849163175526666,0.7236515119396363
s24-a02-THROTTLE-r03,s24,a02,THROTTLE,pre-fault,0.6060834226633334,0.7090493781175757
s24-a02-THROTTLE-r04,s24,a02,THROTTLE,pre-fault,0.6038516964826666,0.7043644689863029
s24-a02-THROTTLE-r05,s24,a02,THROTTLE,pre-fault,0.6046055544325333,0.704054844296
s24-a06-NO_OP-r01,s24,a06,NO_OP,pre-fault,0.28763947774057147,0.029950683771230748
s24-a06-NO_OP-r02,s24,a06,NO_OP,pre-fault,0.2865899313673904,0.03027098684158971
s24-a06-NO_OP-r03,s24,a06,NO_OP,pre-fault,0.32653165515695237,0.04511344742933335
s24-a06-NO_OP-r04,s24,a06,NO_OP,pre-fault,0.28922291159560004,0.04098533991482047
s24-a06-NO_OP-r05,s24,a06,NO_OP,pre-fault,0.3242532907810667,0.05035104857517951
s24-a06-REROUTE-r01,s24,a06,REROUTE,pre-fault,0.03401524221374685,0.030501276284307682
s24-a06-REROUTE-r02,s24,a06,REROUTE,pre-fault,0.03436878084974938,0.04337246031138463
s24-a06-REROUTE-r03,s24,a06,REROUTE,pre-fault,0.05768953396275188,0.038297815235692305
s24-a06-REROUTE-r04,s24,a06,REROUTE,pre-fault,0.03431961812429073,0.030080244993025647
s24-a06-REROUTE-r05,s24,a06,REROUTE,pre-fault,0.06851031845581453,0.04205359803087181
s24-a06-THROTTLE-r01,s24,a06,THROTTLE,pre-fault,0.37486568434749523,0.5215035925926046
s24-a06-THROTTLE-r02,s24,a06,THROTTLE,pre-fault,0.3632931430195524,0.5153467545373063
s24-a06-THROTTLE-r03,s24,a06,THROTTLE,pre-fault,0.34354878308259995,0.50743624684461
s24-a06-THROTTLE-r04,s24,a06,THROTTLE,pre-fault,0.36499815256854284,0.5156641726161781
s24-a06-THROTTLE-r05,s24,a06,THROTTLE,pre-fault,0.3422067968623619,0.5067595431530312
s24-a10-NO_OP-r01,s24,a10,NO_OP,spanning,0.23465935682012345,0.07101482922180113
s24-a10-NO_OP-r02,s24,a10,NO_OP,spanning,0.21380032342987654,0.055351899051144786
s24-a10-NO_OP-r03,s24,a10,NO_OP,spanning,0.23443548298938277,0.07984715601850893
s24-a10-NO_OP-r04,s24,a10,NO_OP,spanning,0.23371354622637863,0.06197070464904545
s24-a10-NO_OP-r05,s24,a10,NO_OP,spanning,0.21154339114131682,0.05525715719505691
s24-a10-REROUTE-r01,s24,a10,REROUTE,spanning,0.03135005687980811,0.03011236036384315
s24-a10-REROUTE-r02,s24,a10,REROUTE,spanning,0.03167235284045553,0.030086165861254885
s24-a10-REROUTE-r03,s24,a10,REROUTE,spanning,0.03111439838126904,0.030724716504470572
s24-a10-REROUTE-r04,s24,a10,REROUTE,spanning,0.050263113378853475,0.046467082031137266
s24-a10-REROUTE-r05,s24,a10,REROUTE,spanning,0.03133144242306539,0.03686807107780395
s24-a10-THROTTLE-r01,s24,a10,THROTTLE,spanning,0.28541462318281896,0.39350337602975743
s24-a10-THROTTLE-r02,s24,a10,THROTTLE,spanning,0.2852093565973116,0.3938516867904488
s24-a10-THROTTLE-r03,s24,a10,THROTTLE,spanning,0.28556239474082246,0.39402366485785617
s24-a10-THROTTLE-r04,s24,a10,THROTTLE,spanning,0.2854092088163216,0.38131393140269865
s24-a10-THROTTLE-r05,s24,a10,THROTTLE,spanning,0.28561258207241624,0.39303469700842825
s24-a14-NO_OP-r01,s24,a14,NO_OP,spanning,0.17308419957423665,0.12057008661198682
s24-a14-NO_OP-r02,s24,a14,NO_OP,spanning,0.20242866071156318,0.1327690861910673
s24-a14-NO_OP-r03,s24,a14,NO_OP,spanning,0.20657298585217065,0.1464152577886371
s24-a14-NO_OP-r04,s24,a14,NO_OP,spanning,0.1771011438469736,0.1280589196030541
s24-a14-NO_OP-r05,s24,a14,NO_OP,spanning,0.19038858603884992,0.12690753163885057
s24-a14-REROUTE-r01,s24,a14,REROUTE,spanning,0.03082438924688426,0.029999843089269885
s24-a14-REROUTE-r02,s24,a14,REROUTE,spanning,0.05036020553676528,0.041519710230761904
s24-a14-REROUTE-r03,s24,a14,REROUTE,spanning,0.043088353575120156,0.04408772017041271
s24-a14-REROUTE-r04,s24,a14,REROUTE,spanning,0.05009551021584983,0.041420572073746054
s24-a14-REROUTE-r05,s24,a14,REROUTE,spanning,0.049011601521021096,0.04772956205657142
s24-a14-THROTTLE-r01,s24,a14,THROTTLE,spanning,0.2513505609732732,0.3301349329548952
s24-a14-THROTTLE-r02,s24,a14,THROTTLE,spanning,0.2422328926372707,0.3238026925869333
s24-a14-THROTTLE-r03,s24,a14,THROTTLE,spanning,0.25295799433867366,0.33124748987283803
s24-a14-THROTTLE-r04,s24,a14,THROTTLE,spanning,0.2435821745353926,0.3242402052178667
s24-a14-THROTTLE-r05,s24,a14,THROTTLE,spanning,0.2519857789336693,0.33006798559127615
s24-a18-NO_OP-r01,s24,a18,NO_OP,post-onset,0.20434397243944688,0.2081812647421756
s24-a18-NO_OP-r02,s24,a18,NO_OP,post-onset,0.19430137891776159,0.2031579617628173
s24-a18-NO_OP-r03,s24,a18,NO_OP,post-onset,0.22097792435302085,0.21839412733221758
s24-a18-NO_OP-r04,s24,a18,NO_OP,post-onset,0.1963350720065995,0.2034230261592748
s24-a18-NO_OP-r05,s24,a18,NO_OP,post-onset,0.19628751925263158,0.20333612001776843
s24-a18-REROUTE-r01,s24,a18,REROUTE,post-onset,0.04561930440575859,0.055554316103919976
s24-a18-REROUTE-r02,s24,a18,REROUTE,post-onset,0.04534946408273183,0.05539315093122669
s24-a18-REROUTE-r03,s24,a18,REROUTE,post-onset,0.04608836353193069,0.05589165353914664
s24-a18-REROUTE-r04,s24,a18,REROUTE,post-onset,0.05048404586861365,0.05942920417074668
s24-a18-REROUTE-r05,s24,a18,REROUTE,post-onset,0.04541581025003165,0.06088694909599996
s24-a18-THROTTLE-r01,s24,a18,THROTTLE,post-onset,0.22743777805343346,0.30243424218942627
s24-a18-THROTTLE-r02,s24,a18,THROTTLE,post-onset,0.23708312181811192,0.3098841490492404
s24-a18-THROTTLE-r03,s24,a18,THROTTLE,post-onset,0.22662849930348927,0.3020970735551628
s24-a18-THROTTLE-r04,s24,a18,THROTTLE,post-onset,0.22681299851855125,0.3019990783605582
s24-a18-THROTTLE-r05,s24,a18,THROTTLE,post-onset,0.2271489656627378,0.3023516617422015
s24-a22-NO_OP-r01,s24,a22,NO_OP,post-onset,0.26252643437679946,0.27118183867618806
s24-a22-NO_OP-r02,s24,a22,NO_OP,post-onset,0.26236799989961623,0.2712480394038973
s24-a22-NO_OP-r03,s24,a22,NO_OP,post-onset,0.2627991430295285,0.2712527216430002
s24-a22-NO_OP-r04,s24,a22,NO_OP,post-onset,0.2624647473787827,0.27241582008763054
s24-a22-NO_OP-r05,s24,a22,NO_OP,post-onset,0.2625438340772311,0.273516702748188
s24-a22-REROUTE-r01,s24,a22,REROUTE,post-onset,0.10197558251345888,0.1088896095677011
s24-a22-REROUTE-r02,s24,a22,REROUTE,post-onset,0.10741886138527526,0.11329136122004599
s24-a22-REROUTE-r03,s24,a22,REROUTE,post-onset,0.11563431961766131,0.12027233631595403
s24-a22-REROUTE-r04,s24,a22,REROUTE,post-onset,0.10655398513012841,0.11297779442799996
s24-a22-REROUTE-r05,s24,a22,REROUTE,post-onset,0.10590052360124315,0.111940637260115
s24-a22-THROTTLE-r01,s24,a22,THROTTLE,post-onset,0.26675088350871085,0.3363805112516058
s24-a22-THROTTLE-r02,s24,a22,THROTTLE,post-onset,0.2668703733772587,0.33512055048009204
s24-a22-THROTTLE-r03,s24,a22,THROTTLE,post-onset,0.2751040483242934,0.3458340440229398
s24-a22-THROTTLE-r04,s24,a22,THROTTLE,post-onset,0.26684478363860015,0.33713707968633766
s24-a22-THROTTLE-r05,s24,a22,THROTTLE,post-onset,0.26108525148525596,0.3308786667046914
s24-a26-NO_OP-r01,s24,a26,NO_OP,post-onset,0.3162076234872606,0.32638585009050763
s24-a26-NO_OP-r02,s24,a26,NO_OP,post-onset,0.3230264205478989,0.33169679791026596
s24-a26-NO_OP-r03,s24,a26,NO_OP,post-onset,0.32858071834399705,0.33662245301699506
s24-a26-NO_OP-r04,s24,a26,NO_OP,post-onset,0.31614856379815737,0.32569182963284427
s24-a26-NO_OP-r05,s24,a26,NO_OP,post-onset,0.31625099461738126,0.32440114116999325
s24-a26-REROUTE-r01,s24,a26,REROUTE,post-onset,0.18385549206072663,0.17964811641101017
s24-a26-REROUTE-r02,s24,a26,REROUTE,post-onset,0.1836147199735847,0.1755242062137172
s24-a26-REROUTE-r03,s24,a26,REROUTE,post-onset,0.1930901133663061,0.18334988845789899
s24-a26-REROUTE-r04,s24,a26,REROUTE,post-onset,0.19217080871372727,0.1829322468607879
s24-a26-REROUTE-r05,s24,a26,REROUTE,post-onset,0.18395221393650513,0.17543666919965656
s24-a26-THROTTLE-r01,s24,a26,THROTTLE,post-onset,0.32087173709246364,0.3733235661629665
s24-a26-THROTTLE-r02,s24,a26,THROTTLE,post-onset,0.3198358068273699,0.3732080676625147
s24-a26-THROTTLE-r03,s24,a26,THROTTLE,post-onset,0.32175338738252635,0.37464666836741867
s24-a26-THROTTLE-r04,s24,a26,THROTTLE,post-onset,0.32309228323431777,0.37574722279272527
s24-a26-THROTTLE-r05,s24,a26,THROTTLE,post-onset,0.32814979489975055,0.38099817354251464
s24-a30-NO_OP-r01,s24,a30,NO_OP,post-onset,0.3610256882511282,0.3688870267375428
s24-a30-NO_OP-r02,s24,a30,NO_OP,post-onset,0.36491766381779506,0.3723059003638393
s24-a30-NO_OP-r03,s24,a30,NO_OP,post-onset,0.36146948834188036,0.3694366346221346
s24-a30-NO_OP-r04,s24,a30,NO_OP,post-onset,0.3614602018860726,0.37036263741312414
s24-a30-NO_OP-r05,s24,a30,NO_OP,post-onset,0.360586358669728,0.3698619423638637
s24-a30-REROUTE-r01,s24,a30,REROUTE,post-onset,0.2513849653597235,0.23489631426345942
s24-a30-REROUTE-r02,s24,a30,REROUTE,post-onset,0.2545093873441809,0.23324162263846843
s24-a30-REROUTE-r03,s24,a30,REROUTE,post-onset,0.25727033739899946,0.2526397841778559
s24-a30-REROUTE-r04,s24,a30,REROUTE,post-onset,0.25668433599083795,0.2564406572052793
s24-a30-REROUTE-r05,s24,a30,REROUTE,post-onset,0.25906090327559506,0.23669832437727928
s24-a30-THROTTLE-r01,s24,a30,THROTTLE,post-onset,0.3711558557091319,0.4091972838207805
s24-a30-THROTTLE-r02,s24,a30,THROTTLE,post-onset,0.370790580721291,0.41150142677737733
s24-a30-THROTTLE-r03,s24,a30,THROTTLE,post-onset,0.3699568980999784,0.4088492428675267
s24-a30-THROTTLE-r04,s24,a30,THROTTLE,post-onset,0.3834832028685874,0.4204453869309581
s24-a30-THROTTLE-r05,s24,a30,THROTTLE,post-onset,0.3699197531048675,0.40849868215666096
